player_id,baller_average,baller_strike_rate,batter_average,batter_strike_rate
005f0561,50.4,71.0,17.0,41.06280193236715
008589a4,26.5,39.625,16.2,55.86206896551724
0087a35d,78.66666666666667,100.66666666666667,24.225806451612904,73.12560856864654
00d69fa4,31.035714285714285,38.892857142857146,19.054054054054053,64.26618049225159
00ea847a,inf,inf,17.2,94.5054945054945
012829ff,27.318181818181817,34.81818181818182,27.1,96.44128113879003
0164b064,78.33333333333333,74.66666666666667,2.75,37.93103448275862
017faef2,18.166666666666668,25.166666666666668,4.0,21.052631578947366
02181d9a,31.333333333333332,36.666666666666664,36.3,88.10679611650485
0226b73a,24.75862068965517,29.413793103448278,7.857142857142857,41.35338345864661
022745d5,16.363636363636363,24.454545454545453,24.5,50.170648464163826
023f6b02,23.137931034482758,32.86206896551724,6.111111111111111,41.66666666666667
024a173d,37.473684210526315,45.421052631578945,4.6,50.0
02789d88,inf,inf,26.6,74.09470752089136
02e83ac5,32.794117647058826,41.8235294117647,25.057142857142857,67.56548536209553
034b4b7d,inf,inf,8.0,61.53846153846154
035cb925,inf,inf,33.81818181818182,67.45240253853127
037f2b86,26.904761904761905,43.42857142857143,15.466666666666667,50.43478260869565
03806cf8,24.488888888888887,32.28148148148148,20.166666666666668,89.62962962962962
04029c44,89.0,108.0,9.0,105.88235294117648
0475a86b,16.735294117647058,26.03676470588235,21.32,84.33544303797468
047945ae,109.0,130.0,26.0,66.66666666666666
047c67ba,30.75,41.5,17.0,43.58974358974359
047d9032,41.285714285714285,54.57142857142857,13.0,52.0
0480aba6,24.133333333333333,34.8,2.6666666666666665,50.0
04f4f2e1,55.0,62.0,26.0,67.24137931034483
0503ae22,24.0,21.0,17.666666666666668,63.770053475935825
050492b0,25.0,49.0,26.5,100.0
053dc208,21.0,31.05,33.77777777777778,68.08510638297872
053f3ce3,46.3,60.8,14.222222222222221,66.32124352331607
05625364,50.0,68.0,13.666666666666666,46.06741573033708
056f58dd,28.0,30.0,inf,33.33333333333333
05c2ca46,36.8,44.76,10.571428571428571,82.22222222222221
05d74535,21.58695652173913,32.40760869565217,7.2,60.0
05e0fab5,56.857142857142854,74.0,inf,66.66666666666666
0604ef16,inf,inf,2.0,42.10526315789473
06653fcc,21.875,35.59375,4.666666666666667,26.666666666666668
06a9d298,22.333333333333332,22.0,25.0,83.33333333333334
06c2de82,23.25,29.5,58.5,100.86206896551724
06e649a0,47.0,47.5,2.5,41.66666666666667
07248d8e,59.5,80.33333333333333,28.347826086956523,59.218891916439595
0725d3d2,19.166666666666668,30.0,inf,40.74074074074074
0730a707,25.0,33.92857142857143,3.0,32.72727272727273
07687c15,inf,inf,9.0,40.909090909090914
079d9bdc,157.0,146.0,0.0,0.0
07b6f54c,17.666666666666668,32.333333333333336,13.25,43.08943089430895
0825e4b3,inf,inf,40.666666666666664,61.30653266331658
08320616,inf,inf,0.0,0.0
08548b13,74.5,76.0,18.142857142857142,58.256880733944946
086f5984,26.876106194690266,31.98230088495575,4.857142857142857,50.74626865671642
0882b3f1,36.375,38.375,8.666666666666666,68.42105263157895
0891ca09,inf,inf,15.0,57.692307692307686
08a4f9ad,4.5,4.5,11.9,62.796833773087066
08bae9d5,36.7,41.8,2.0,14.814814814814813
090f9211,51.57142857142857,56.892857142857146,10.0,50.42016806722689
093ae70b,24.40740740740741,32.55555555555556,6.75,42.857142857142854
098a757c,37.833333333333336,39.166666666666664,7.0,107.6923076923077
099135ad,45.5,53.666666666666664,24.1875,56.82819383259912
0994d0ae,50.5,60.25,37.166666666666664,88.14229249011858
09a58e2d,39.75,47.5,9.5,31.666666666666664
09a9d073,inf,inf,26.017543859649123,83.31460674157304
0a2184d9,37.0,34.0,2.0,30.76923076923077
0a3d54b9,35.72727272727273,36.81818181818182,8.0,53.333333333333336
0a4736eb,inf,inf,23.875,118.26625386996905
0a4c6dfd,31.0,42.375,inf,82.35294117647058
0a8fce53,24.2,30.39375,7.619047619047619,50.15673981191222
0a9d8b61,37.25,33.5,25.26086956521739,68.75739644970415
0aa14354,15.0,24.0,35.6,65.68265682656826
0b0cc297,17.5,19.0,inf,135.71428571428572
0b130202,38.68421052631579,48.94736842105263,31.6,88.36689038031321
0b581ed6,18.9,24.6,28.0,113.51351351351352
0b60eb09,29.254901960784313,38.92156862745098,13.5,85.37549407114624
0b69a844,17.857142857142858,31.142857142857142,11.428571428571429,36.5296803652968
0b78b7c1,31.5,28.5,25.0,69.44444444444444
0b7930ed,inf,inf,13.11111111111111,46.6403162055336
0be1b885,40.5,51.916666666666664,4.5,60.0
0c2730df,35.10344827586207,49.03448275862069,9.0,41.37931034482759
0c637131,15.5,27.166666666666668,inf,102.56410256410255
0c8a1d51,41.125,51.125,11.791666666666666,58.59213250517599
0cc343b0,32.857142857142854,50.142857142857146,5.714285714285714,37.03703703703704
0d37dea9,109.0,153.0,26.333333333333332,76.20578778135048
0d518f89,20.973214285714285,33.357142857142854,5.882352941176471,48.54368932038835
0d56e9a5,inf,inf,nan,0.0
0d677597,inf,inf,27.714285714285715,77.60000000000001
0dbe27b8,38.6,49.6,14.5,63.04347826086957
0dc00542,29.128301886792453,39.83018867924528,23.548192771084338,130.77952492472397
0e0afd8b,41.166666666666664,46.666666666666664,11.6,80.55555555555556
0e9af639,inf,inf,inf,50.0
0ec1f412,28.0,24.0,25.0,147.05882352941177
0ec9e2c4,34.5,31.5,0.0,0.0
0ecb4de6,19.333333333333332,20.0,4.0,50.0
0f12f9df,28.958333333333332,30.973958333333332,19.905172413793103,108.91509433962263
0f348f58,15.2,30.6,19.0,76.0
0f6db197,22.285714285714285,30.5,10.0,62.5
0f721006,33.13690476190476,38.535714285714285,24.766666666666666,88.59300476947536
0fdabe05,64.0,69.0,23.61111111111111,61.29218344389963
10840285,inf,inf,97.0,61.0062893081761
108c4c09,18.394160583941606,30.175182481751825,9.1,50.091743119266056
10a91f35,24.951923076923077,34.61538461538461,9.041666666666666,87.14859437751004
110839f2,29.75,48.625,inf,45.714285714285715
11614d87,24.657894736842106,30.36842105263158,16.0,82.75862068965517
11ce1151,32.77777777777778,36.77777777777778,inf,71.42857142857143
1212cbec,inf,inf,28.176470588235293,85.0421660008877
122108d8,inf,inf,38.142857142857146,65.92592592592592
123e663a,17.347826086956523,24.0,23.416666666666668,88.92405063291139
1251a339,inf,inf,0.0,0.0
1252f71a,23.397590361445783,34.98795180722892,19.46153846153846,80.96
126e56a1,14.25,26.166666666666668,35.5,98.61111111111111
1274d7ab,45.0,50.0,27.35135135135135,75.46607009694259
12755a62,inf,inf,13.285714285714286,41.150442477876105
127bc5ca,inf,inf,11.0,78.57142857142857
12a2157e,9.2,17.2,0.0,0.0
12b59324,28.75,49.75,14.333333333333334,63.23529411764706
12b610c2,54.411764705882355,58.05882352941177,41.20754716981132,99.4535519125683
12bffe91,21.666666666666668,29.147058823529413,7.125,50.89285714285714
12c3ba4d,47.5,69.75,36.0,79.49526813880126
12eddf28,17.565217391304348,22.847826086956523,8.0,100.0
13c35c9e,30.333333333333332,34.94144144144144,12.836363636363636,92.89473684210526
13e5908b,46.0,73.0,27.375,78.77697841726618
1417ba2f,47.0,56.25,11.0,84.61538461538461
14810ee7,21.857142857142858,29.857142857142858,34.0,61.81818181818181
14f96089,26.957575757575757,29.957575757575757,9.827586206896552,64.04494382022472
15d1b59e,29.333333333333332,27.0,8.8,33.84615384615385
15de1f5d,inf,inf,25.0,116.27906976744187
15f609ed,41.25,54.5,13.666666666666666,64.0625
16443d2f,29.0,49.3,34.0,48.57142857142857
1688f2dc,19.228571428571428,28.17142857142857,8.0,53.333333333333336
16dfcc19,26.942528735632184,34.03448275862069,9.72340425531915,69.24242424242424
174369f2,inf,inf,inf,71.42857142857143
1747ea18,27.333333333333332,41.357142857142854,20.897435897435898,71.55399473222126
17608a6f,21.969072164948454,33.96907216494845,7.7,54.22535211267606
1777c020,111.0,135.0,47.108108108108105,92.2710428798306
17aa4f1d,inf,inf,35.25,70.254110612855
17b641bf,29.0,42.0,0.0,0.0
180240d4,32.733333333333334,47.46666666666667,13.428571428571429,87.85046728971963
18eaf2fa,59.666666666666664,65.33333333333333,21.636363636363637,89.13857677902621
18fac429,46.08695652173913,49.95652173913044,30.125,90.6015037593985
19708692,37.2,39.6,inf,87.5
1a156c88,inf,inf,30.142857142857142,77.00729927007299
1a2676c5,32.40909090909091,36.77272727272727,16.285714285714285,105.06912442396312
1a3cc554,inf,inf,32.13333333333333,74.76732161323682
1a8ad45c,39.333333333333336,38.0,9.0,69.23076923076923
1a8eebbe,32.17567567567568,35.148648648648646,7.052631578947368,55.144032921810705
1abb78f8,28.71641791044776,30.238805970149254,19.176470588235293,102.51572327044025
1ac2a995,29.689655172413794,34.793103448275865,19.375,69.81981981981981
1adb8ee8,25.26865671641791,30.925373134328357,23.142857142857142,68.16269284712483
1ade138e,23.887323943661972,34.16901408450704,11.875,66.66666666666666
1afdbdbf,42.266666666666666,57.86666666666667,20.291666666666668,71.93500738552437
1b1c23bb,40.833333333333336,62.166666666666664,2.3333333333333335,36.84210526315789
1b3acd33,17.333333333333332,28.0,13.0,130.0
1b61a9fa,34.5,51.5,3.0,19.35483870967742
1b9d1579,44.875,48.75,33.48275862068966,61.886551943913325
1bae756b,inf,inf,13.26086956521739,60.63618290258449
1bd16445,40.125,53.5,8.6,81.13207547169812
1be67d37,16.0,19.25,25.0,100.0
1be70c88,31.0,44.0,28.136363636363637,70.82379862700229
1c17e270,nan,inf,25.10810810810811,87.89025543992432
1c790f4f,30.133333333333333,31.666666666666668,9.0,108.0
1c914163,33.75757575757576,40.686868686868685,40.18235294117647,85.77348066298343
1cb14aa4,115.0,108.0,8.0,133.33333333333331
1cb64b3c,inf,inf,39.0,45.348837209302324
1d048deb,inf,inf,18.571428571428573,61.32075471698113
1d5dd8a6,inf,inf,8.0,36.36363636363637
1d6ff329,29.5,34.5,11.6,56.86274509803921
1dc12ab9,41.785714285714285,50.54761904761905,36.254901960784316,90.77074128620521
1e5708ac,31.333333333333332,40.0,9.0,29.03225806451613
1ee08e9a,28.814814814814813,30.555555555555557,18.6,85.3211009174312
1efd9f52,inf,inf,2.0,50.0
1f6cbaff,inf,inf,17.8,54.601226993865026
1f7825dd,43.888888888888886,56.333333333333336,12.818181818181818,58.75
1f7adc8a,20.448275862068964,28.862068965517242,9.6,50.526315789473685
1fba2ae3,28.285714285714285,33.8469387755102,15.214285714285714,74.47552447552448
1fe81cc9,45.333333333333336,53.333333333333336,5.4,46.55172413793103
1ff39d69,9.714285714285714,9.571428571428571,11.666666666666666,35.35353535353536
2008fc75,33.0,30.0,31.65,73.34878331402086
201fef33,28.22093023255814,40.52325581395349,34.72727272727273,62.70004103405827
207c4398,32.4,44.4,1.0,50.0
208f22ea,83.5,81.0,inf,150.0
20a941bb,23.286713286713287,30.944055944055943,7.214285714285714,66.01307189542483
20fbf68c,57.0,63.0,inf,30.0
210b05cb,54.75,57.25,9.0,62.7906976744186
211de69f,62.5,66.0,39.108695652173914,73.01136363636364
21231130,135.0,159.0,3.0,20.0
2182013e,29.37037037037037,29.555555555555557,13.88888888888889,93.28358208955224
218c7eab,35.5,55.5,1.5,23.076923076923077
21afb939,inf,inf,40.333333333333336,81.1173184357542
21b97584,inf,inf,4.0,72.72727272727273
21bf71ab,29.487179487179485,36.333333333333336,5.4375,41.82692307692308
21d4e29b,66.57142857142857,62.142857142857146,53.5,75.88652482269504
221ad9d9,25.83177570093458,34.429906542056074,14.393939393939394,90.47619047619048
2254ab79,inf,inf,32.15277777777778,85.51902475064648
22ae3041,53.0,42.0,inf,200.0
22b98d7c,inf,inf,inf,133.33333333333331
2318ba22,28.3,34.8,33.88235294117647,74.22680412371135
235c2bb6,inf,inf,40.21951219512195,114.75295755045234
237ec05b,20.166666666666668,31.73076923076923,2.142857142857143,31.25
23cca426,23.0,31.4,28.428571428571427,155.46875
23e3f2d6,11.222222222222221,25.666666666666668,7.75,24.8
23eeb873,27.41176470588235,31.352941176470587,33.833333333333336,93.11926605504587
23ef9b32,inf,inf,10.0,29.411764705882355
24104e5c,inf,inf,2.5,29.411764705882355
243431b5,31.7375,37.175,26.877777777777776,89.6922506488691
244048f6,inf,inf,9.0,100.0
2479daa6,24.454545454545453,36.0,2.6,30.952380952380953
248698f4,8.0,13.0,7.0,116.66666666666667
2498e163,31.73972602739726,42.9041095890411,26.52,92.33983286908078
249d60c9,29.544117647058822,32.470588235294116,20.525,95.91121495327103
24bb1c2f,25.703125,27.6875,5.5,48.529411764705884
24fcd95d,27.294117647058822,39.76470588235294,35.25,88.67924528301887
25020f9d,19.833333333333332,33.55555555555556,21.333333333333332,54.23728813559322
2503e881,22.26595744680851,31.28723404255319,13.666666666666666,77.35849056603774
25550d06,24.571428571428573,25.357142857142858,27.0,57.446808510638306
25e26a23,25.0,40.0,34.0,80.95238095238095
26534b48,29.11111111111111,33.22222222222222,inf,53.84615384615385
26a85969,153.0,155.0,12.0,92.3076923076923
26d041c4,36.7752808988764,47.325842696629216,33.75213675213675,84.7061347061347
26e5cabf,28.4,27.2,25.90909090909091,70.19704433497537
26f12506,45.42857142857143,50.57142857142857,15.545454545454545,78.08219178082192
26ff4c29,29.144736842105264,36.81578947368421,19.37037037037037,82.23270440251572
270b3f8e,40.84615384615385,52.38461538461539,9.5,47.107438016528924
270bf7e2,20.434782608695652,31.304347826086957,12.0,60.50420168067227
27159c6a,27.82758620689655,37.0,13.8125,52.49406175771971
27410b17,39.42857142857143,40.857142857142854,inf,100.0
275dff85,66.0,77.0,13.0,100.0
2764133a,22.0,18.0,28.657894736842106,68.44751728472659
27735054,37.5,40.0,12.5,54.347826086956516
27b8d7b6,43.4,47.2,15.533333333333333,53.19634703196348
27cc4361,27.545454545454547,39.06060606060606,7.894736842105263,60.0
27d1cc51,30.857142857142858,40.714285714285715,10.666666666666666,64.0
27e003ce,39.0,45.0,59.25,89.20953575909661
28131839,28.43859649122807,35.75438596491228,27.2,111.57702825888786
28496266,39.375,35.375,8.0,57.14285714285714
287ed3a0,21.73913043478261,36.47826086956522,22.181818181818183,73.71601208459214
28aba384,15.142857142857142,30.142857142857142,inf,100.0
28c7d721,15.666666666666666,26.8,7.333333333333333,42.30769230769231
28ed9134,25.5,31.833333333333332,8.666666666666666,55.319148936170215
2904b4b6,59.27272727272727,72.18181818181819,25.256410256410255,63.712807244501946
290cba17,inf,inf,28.586206896551722,60.86637298091042
2911de16,27.412844036697248,30.06422018348624,14.185185185185185,114.67065868263472
2957a836,61.0,75.0,0.0,0.0
29b89ae8,25.415730337078653,35.42696629213483,11.0,42.30769230769231
29e253dd,42.266666666666666,46.666666666666664,37.0625,104.40140845070422
2a04400b,28.0,36.333333333333336,6.0,92.3076923076923
2a2e6343,27.714285714285715,35.19047619047619,21.0,87.22044728434504
2a3a3786,18.11111111111111,23.933333333333334,12.333333333333334,76.28865979381443
2a731841,15.0,26.5,inf,18.181818181818183
2a9eee66,28.714285714285715,31.285714285714285,28.966666666666665,72.23607647547797
2af838ee,30.48611111111111,32.361111111111114,5.0,41.66666666666667
2b425403,43.666666666666664,59.333333333333336,39.0,108.33333333333333
2b76eb00,12.5,17.0,0.0,0.0
2b8b75a0,18.92,29.56,2.75,32.35294117647059
2b944fb7,72.0,81.0,nan,0.0
2bb09eb2,43.125,50.5,21.50467289719626,66.4069264069264
2be41edb,22.75,29.0,41.582352941176474,84.9129129129129
2beae660,49.0,54.0,12.666666666666666,65.51724137931035
2c13defe,23.772727272727273,36.61363636363637,28.620689655172413,69.10907577019151
2c54c49b,inf,inf,inf,57.14285714285714
2c997ad3,82.0,61.0,inf,33.33333333333333
2cccba8f,30.8,39.2,12.777777777777779,56.65024630541872
2cdce1be,15.5,25.5,nan,0.0
2cfa6534,34.6,45.4,1.0,18.181818181818183
2cffab74,15.25,24.5,6.0,85.71428571428571
2d4465da,28.333333333333332,37.666666666666664,2.5,33.33333333333333
2d783277,inf,inf,19.6,35.8974358974359
2e0fcc58,20.666666666666668,31.22222222222222,9.5,65.51724137931035
2e11c706,30.8,44.0,26.5,79.1044776119403
2e171977,30.193548387096776,40.854838709677416,20.0,97.95918367346938
2e5919c5,inf,inf,16.0,44.44444444444444
2e78f685,17.0,16.5,inf,50.0
2e81a32d,29.89375,37.33125,15.333333333333334,71.875
2e8994e7,40.12162162162162,46.75675675675676,35.45323741007194,82.36670566605382
2e9fdf9b,29.071428571428573,37.107142857142854,20.09090909090909,79.21146953405018
2ea9b32c,25.5,53.833333333333336,4.0,50.0
2ed569a0,17.333333333333332,20.666666666666668,13.0,50.0
2eece016,41.5,46.0,26.0,92.85714285714286
2ef4f045,60.0,61.0,23.0,112.19512195121952
2f28dc94,29.535087719298247,34.8859649122807,11.619047619047619,58.0952380952381
2f49c897,20.246153846153845,27.046153846153846,6.0,38.70967741935484
2f8a9682,inf,inf,32.24324324324324,64.48648648648648
2f9a6bd1,36.90909090909091,50.90909090909091,8.454545454545455,46.26865671641791
2f9d0389,27.352941176470587,32.6078431372549,7.733333333333333,47.73662551440329
2fa916b3,inf,inf,15.0,42.857142857142854
2fdd16fe,37.4,46.0,22.8,93.44262295081968
3021a755,49.0,47.0,1.0,7.894736842105263
3029e282,inf,inf,19.357142857142858,66.42156862745098
3032933c,70.0,93.0,40.5,96.42857142857143
304c9c2e,41.0,62.0,4.0,47.05882352941176
3086f7a4,33.348837209302324,40.41860465116279,20.3,85.47368421052632
30a45b23,32.724137931034484,36.44827586206897,42.072,85.95946387708402
30b60511,31.0,42.0,12.25,81.66666666666667
314642ed,25.0,35.27272727272727,19.0,58.46153846153847
3165bc1b,60.666666666666664,60.666666666666664,13.0,42.72300469483568
31803fac,29.333333333333332,36.333333333333336,inf,8.333333333333332
3185266a,29.666666666666668,25.666666666666668,22.53846153846154,56.45472061657033
31ce61ab,27.2,36.6,1.5,27.27272727272727
31fbf891,49.375,55.625,27.21212121212121,70.53094564875903
3204c99f,20.612903225806452,20.580645161290324,7.6,74.50980392156863
32198ae0,33.9,40.8,9.0,60.9375
321c980e,33.083333333333336,49.75,5.75,34.32835820895522
3227beb4,22.433333333333334,30.9,21.454545454545453,94.02390438247012
323e4c16,45.0,70.83333333333333,21.5,83.22580645161291
3241e3fd,27.166666666666668,29.666666666666668,37.58,94.8989898989899
32497ecd,22.42222222222222,35.422222222222224,9.045454545454545,77.13178294573643
327b58d3,31.654545454545456,37.81818181818182,10.65,57.25806451612904
32a32368,inf,inf,17.0,65.38461538461539
3300d23c,37.61538461538461,40.84615384615385,19.46808510638298,78.74354561101549
33085ffb,32.5,49.0,17.333333333333332,57.4585635359116
3308d881,18.555555555555557,28.88888888888889,19.5,57.35294117647059
33155d1b,14.0,15.333333333333334,38.7956204379562,75.55081734186211
331bd689,37.666666666666664,58.0,12.0,70.58823529411765
3355b542,90.0,98.5,44.631147540983605,86.69001751313485
33a50ecf,42.25,47.25,24.434782608695652,93.82303839732889
33b3d2df,58.0,56.285714285714285,18.0,92.1259842519685
33cb3411,205.0,222.0,29.349693251533743,74.84355444305382
33f28243,24.46,29.89,17.2,85.48707753479125
342d8ade,26.92241379310345,35.31896551724138,9.444444444444445,67.19367588932806
34464143,25.528301886792452,36.64150943396226,30.0,67.2645739910314
348195ea,37.0,50.81818181818182,36.88235294117647,65.10903426791276
34b332d3,27.0,62.5,5.5,61.111111111111114
34cb2f69,25.92105263157895,37.44736842105263,4.333333333333333,32.098765432098766
34d2ca48,76.0,43.0,12.444444444444445,68.29268292682927
34ff9e07,33.285714285714285,40.857142857142854,30.0,80.08213552361396
350bb1b1,32.43636363636364,39.472727272727276,12.5,92.10526315789474
35205dfc,33.113207547169814,42.35849056603774,18.014285714285716,88.18181818181819
35828bdd,24.0,28.0,28.0,70.88607594936708
359e430a,28.666666666666668,27.333333333333332,5.75,27.380952380952383
364ee2cf,47.86842105263158,60.526315789473685,7.913043478260869,75.20661157024794
3664712e,33.0,43.5,29.428571428571427,68.66666666666667
3674b3c1,46.333333333333336,57.0,0.0,0.0
36d33dd0,23.375,23.9375,38.09574468085106,72.37267582861763
36dfa62e,20.09090909090909,32.36363636363637,32.5,63.51791530944625
36fc8d18,30.0,45.5,12.833333333333334,66.95652173913044
37137c8b,30.13888888888889,34.583333333333336,7.818181818181818,89.58333333333334
37138918,24.666666666666668,29.333333333333332,26.761904761904763,84.76621417797888
37312a74,31.125,38.5,11.454545454545455,69.23076923076923
37654b75,43.5,62.7,24.833333333333332,89.22155688622755
3766056b,27.147058823529413,30.647058823529413,10.095238095238095,63.095238095238095
37f501d7,24.75,39.5,46.0,66.54611211573237
3812d56b,50.65,64.45,21.733333333333334,66.53061224489795
383dd431,24.3,27.3,26.333333333333332,98.75
3847ec84,20.666666666666668,20.333333333333332,0.0,0.0
385eac52,44.0,72.0,13.5,46.55172413793103
386f410e,20.11764705882353,37.23529411764706,14.333333333333334,57.333333333333336
38b4583c,27.857142857142858,31.642857142857142,12.0,54.54545454545454
390ff45b,31.336363636363636,41.07272727272727,31.5,86.46587876477317
3967930c,19.2,36.7,5.333333333333333,76.19047619047619
39713d08,inf,inf,25.142857142857142,71.83673469387755
397369e0,29.88235294117647,42.588235294117645,16.454545454545453,62.629757785467135
397f4d3a,27.636363636363637,29.0,inf,123.40425531914893
39f01cdb,43.75,50.375,39.96190476190476,84.37562839332395
3a026eb4,35.583333333333336,41.333333333333336,16.333333333333332,117.36526946107784
3a0f6df2,59.75,74.25,17.5,87.5
3a60e0b5,26.20909090909091,30.363636363636363,21.73076923076923,76.87074829931973
3a7ea906,29.904761904761905,38.42857142857143,2.4,36.36363636363637
3a9e9cb2,0.0,4.0,27.464285714285715,80.18769551616268
3b041a12,inf,inf,37.875,76.55232727626081
3b417422,38.6,45.184615384615384,6.5,51.741293532338304
3b50c63a,29.6,40.4,16.4,75.57603686635944
3b770527,41.0,57.81818181818182,35.714285714285715,63.65951255001819
3b8e7647,inf,inf,6.5,56.52173913043478
3c6ffae8,35.83783783783784,41.0,27.0,110.05434782608697
3c87f0c3,21.303030303030305,32.75757575757576,21.25,80.95238095238095
3cacbb57,22.53846153846154,34.38461538461539,10.0,34.48275862068966
3ce127f2,inf,inf,8.0,100.0
3cf5ae43,147.5,177.5,21.333333333333332,62.13592233009708
3cf83487,25.848484848484848,39.303030303030305,26.11111111111111,86.39705882352942
3cfbddce,25.333333333333332,35.888888888888886,1.4285714285714286,10.204081632653061
3d0ed2f9,39.5,40.625,7.6,76.0
3d189742,27.555555555555557,44.5,2.0,40.0
3d689960,18.727272727272727,28.5,2.3333333333333335,46.666666666666664
3d8feaf8,34.09090909090909,39.836363636363636,35.42857142857143,93.16303531179564
3de06845,10.5,18.0,31.0,44.285714285714285
3df3f50b,89.0,125.0,12.166666666666666,55.72519083969466
3e51db81,inf,inf,17.11111111111111,111.59420289855073
3e7c0b1e,inf,inf,28.81081081081081,62.742789876397886
3e91a87f,55.0,53.0,18.857142857142858,75.42857142857143
3eac9d95,24.62121212121212,35.77272727272727,24.93548387096774,87.74120317820659
3edb58fc,47.92307692307692,63.76923076923077,24.5,93.51145038167938
3ee0050f,29.0,25.666666666666668,5.666666666666667,27.86885245901639
3f18724b,34.583333333333336,38.916666666666664,23.8,77.77777777777779
3f5f39cd,24.52173913043478,28.0,2.0,20.0
3f61a062,17.347826086956523,26.0,7.0,77.77777777777779
3f659464,38.5,40.875,7.0,82.35294117647058
3fb19989,20.506172839506174,26.275720164609055,12.906976744186046,79.05982905982906
3fbb43a9,inf,inf,49.5,79.2
3fc3b204,60.875,81.5,18.90909090909091,50.0
3feda4fa,40.03703703703704,52.55555555555556,26.423076923076923,74.19006479481641
3ff033bb,39.391304347826086,43.130434782608695,23.41176470588235,89.50524737631184
400e2d4d,inf,inf,30.634146341463413,77.72277227722772
4167f30b,22.75,31.9,26.285714285714285,76.50727650727652
4180d897,25.75,31.782258064516128,8.6,86.0
41c8bae3,26.833333333333332,35.5,2.0,33.33333333333333
41eb4a4f,30.41304347826087,31.717391304347824,10.75,57.333333333333336
42172c3c,32.8,36.0,45.0,77.25321888412017
42bf1b7d,67.0,91.5,31.25,83.89261744966443
42d1b920,inf,inf,7.0,87.5
42d9dd09,23.23404255319149,31.76595744680851,10.0,59.70149253731343
42e4b276,16.333333333333332,27.833333333333332,14.5,67.12962962962963
4329fbb5,27.944099378881987,35.08074534161491,42.856,90.15483002356109
4347a4ae,34.0,32.666666666666664,33.166666666666664,97.54901960784314
434e36b1,24.236842105263158,31.42105263157895,18.571428571428573,66.15776081424937
436c763a,17.73076923076923,26.73076923076923,41.53846153846154,83.33333333333334
4373c57e,24.25,26.25,17.0,69.38775510204081
43936951,28.1,37.9,11.058823529411764,94.0
441b1b20,30.714285714285715,39.285714285714285,11.0,64.70588235294117
4487cc09,78.0,79.0,21.4,122.98850574712642
449f4e3c,29.28301886792453,38.20754716981132,4.681818181818182,45.982142857142854
44d0e8af,20.0,25.625,13.0,65.0
44d6a8b8,31.96153846153846,41.46153846153846,30.24137931034483,75.21440823327616
45477249,43.0,52.0,40.5,89.25619834710744
4557dc54,31.083333333333332,36.333333333333336,6.4,65.97938144329896
45a7e761,22.356435643564357,25.633663366336634,14.083333333333334,79.34272300469483
45c2196c,21.323076923076922,31.0,12.5,92.5925925925926
46050f42,27.2,30.8,32.0,64.0
462411b3,20.87012987012987,29.467532467532468,8.222222222222221,50.34013605442177
469ccead,19.072727272727274,26.8,8.375,79.76190476190477
469ea22b,30.215311004784688,38.50239234449761,15.726190476190476,79.67430639324488
4751caa3,29.1,29.225,5.0,44.354838709677416
478a63e7,33.041666666666664,37.0,33.30434782608695,79.95824634655533
47b32a5a,13.25,24.7,10.222222222222221,40.35087719298245
47c5aae7,21.333333333333332,36.0,20.4,56.353591160220994
47d00fb5,23.0,48.0,22.0,146.66666666666666
47fb8d80,21.4375,33.5625,10.0,62.5
480ed517,21.5,25.5,29.181818181818183,64.94688922610014
48301a4b,inf,inf,24.076923076923077,65.89473684210526
4861d29b,29.745098039215687,34.745098039215684,15.272727272727273,111.25827814569536
488b7e1b,85.0,88.5,33.958333333333336,69.30272108843538
48ad3373,36.22222222222222,36.05555555555556,8.0,57.14285714285714
48fd7349,56.25,62.25,43.982608695652175,84.56779802708577
49118dc7,35.833333333333336,43.333333333333336,12.333333333333334,82.22222222222221
4933f499,34.8125,41.0,7.0,91.30434782608695
4948a447,50.666666666666664,55.333333333333336,17.555555555555557,60.53639846743295
4957b300,21.666666666666668,29.866666666666667,14.5,67.44186046511628
495d42a5,29.431952662721894,37.66863905325444,17.675,85.07821901323706
49691d7a,36.075949367088604,43.151898734177216,2.75,23.404255319148938
49b6c09f,25.90625,32.96875,13.583333333333334,65.9919028340081
49dc9cb4,50.5,48.5,13.0,86.66666666666667
49dfe4a4,inf,inf,12.0,66.66666666666666
4a36c370,24.3,27.4,7.444444444444445,48.201438848920866
4a461c24,56.6,53.0,12.6,82.89473684210526
4a745f65,42.183673469387756,48.87755102040816,19.307692307692307,95.80152671755725
4a8a2e3b,29.0,38.0,46.529680365296805,84.68378625446688
4ab6d138,29.8,35.2,12.25,83.05084745762711
4ac6664d,32.294117647058826,37.05882352941177,15.2,55.205811138014525
4b0e3049,30.1875,42.8125,11.2,51.21951219512195
4b15618c,10.3125,18.4375,12.2,54.95495495495496
4b2d6789,25.181818181818183,35.63636363636363,13.6,64.76190476190476
4b3760d9,inf,inf,1.0,4.545454545454546
4b57e452,35.0,38.0,24.214285714285715,65.69767441860465
4ba0289e,20.166666666666668,29.0,37.973684210526315,76.51113467656415
4ba44e19,20.781553398058254,32.383495145631066,7.5476190476190474,82.12435233160622
4bc0a378,38.607142857142854,47.92857142857143,9.285714285714286,48.87218045112782
4c3bd588,inf,inf,16.0,61.53846153846154
4c4fa80b,30.183333333333334,39.016666666666666,12.083333333333334,90.34267912772586
4c5d73db,26.735135135135135,30.497297297297298,25.3,87.5937680323139
4c61a0f9,21.44311377245509,30.395209580838323,10.875,65.66037735849056
4c7df2c8,23.11111111111111,25.77777777777778,32.0,74.85380116959064
4d0055a0,15.0,22.0,17.0,77.27272727272727
4d05a82e,18.2,22.8,1.0,9.090909090909092
4d1ec7eb,34.05,43.55,7.714285714285714,76.05633802816901
4d35d0b3,24.7,35.3,9.285714285714286,36.312849162011176
4d4605e6,32.77777777777778,47.47222222222222,30.738095238095237,109.96592844974447
4d6d6280,inf,inf,37.241379310344826,75.31380753138075
4d7f517e,26.913793103448278,35.724137931034484,15.647058823529411,70.93333333333334
4d84ad05,38.0,49.09090909090909,21.636363636363637,61.61812297734628
4d9f9686,31.666666666666668,33.75,33.264150943396224,94.48017148981779
4dcd505e,inf,inf,18.0,58.06451612903226
4dde73be,16.0,9.5,31.0,65.95744680851064
4e1b02fb,16.5,25.75,inf,133.33333333333331
4e1c9f6e,inf,inf,23.130434782608695,70.09222661396575
4e5cf2d6,60.0,40.5,0.0,0.0
4ebc70ca,17.79310344827586,21.586206896551722,82.0,92.13483146067416
4ec07775,33.705882352941174,38.94117647058823,54.0,87.09677419354838
4ed7d23f,34.84615384615385,49.30769230769231,30.666666666666668,58.97435897435898
4f4f283c,inf,inf,8.333333333333334,36.231884057971016
4f629497,19.098214285714285,30.258928571428573,12.357142857142858,63.837638376383765
4f7279a4,33.0,31.0,0.0,0.0
4f86926b,159.0,164.0,12.0,60.0
4fc516bd,31.7,39.46666666666667,16.25,70.27027027027027
4ff67681,67.5,63.5,11.25,39.473684210526315
500759b6,23.0,28.0,inf,209.0909090909091
50250426,inf,inf,26.019607843137255,66.78409662808254
502b2c81,34.046875,43.765625,16.833333333333332,53.72340425531915
50758325,24.333333333333332,31.666666666666668,inf,90.9090909090909
509a7ca1,46.0,50.625,35.97727272727273,83.84533898305084
50c6bc2b,29.53846153846154,34.07692307692308,29.176470588235293,103.11850311850313
50ee0500,39.6,44.2,21.2,74.12587412587412
51080a1f,18.714285714285715,27.428571428571427,37.25,62.083333333333336
513158ed,40.5,34.5,28.25,59.16230366492147
5147ad5b,inf,inf,0.0,0.0
519b872a,10.066666666666666,23.266666666666666,7.0,57.377049180327866
51a36d3e,inf,inf,34.0,69.9228791773779
51a3c5ef,23.630434782608695,26.152173913043477,18.0,75.52447552447552
51e1ed69,72.0,54.0,9.0,112.5
5208c0a1,inf,inf,9.0,37.5
525c3f54,24.535714285714285,29.785714285714285,16.5,107.14285714285714
526e006d,22.727272727272727,32.36363636363637,2.0,25.0
527b2c2d,inf,inf,6.0,30.0
527c2dab,55.0,69.0,4.333333333333333,81.25
5284c884,32.625,29.625,40.5,112.5
529eb9e0,26.5,21.75,nan,0.0
52c952d9,62.5,54.0,0.0,0.0
52d3b7ff,26.59375,29.5625,12.944444444444445,57.24815724815725
52e8dd6b,28.0,30.0,inf,50.0
52f96571,17.11111111111111,21.444444444444443,31.666666666666668,48.96907216494845
53597be1,67.25,65.5,33.33742331288344,74.80726872246696
53bb50f0,22.0,36.31818181818182,3.6666666666666665,44.0
53bc7b84,90.25,102.75,20.0188679245283,73.12198483804274
53bee17f,18.613636363636363,26.795454545454547,33.84782608695652,80.05141388174806
53cd8da6,37.65217391304348,47.869565217391305,39.63636363636363,76.46439845668186
53d50717,26.074074074074073,37.925925925925924,4.0,14.285714285714285
53e325ed,inf,inf,26.0,75.36231884057972
53fa62a2,46.5,58.0,0.0,0.0
53fe6ee4,21.636363636363637,26.818181818181817,41.75,79.52380952380952
540ffb25,67.0,66.5,9.0,51.92307692307693
5426de63,22.8,26.933333333333334,3.6,43.90243902439025
54279e23,34.94444444444444,41.333333333333336,15.717948717948717,67.36263736263737
543b4a1f,24.125,29.5,13.666666666666666,204.99999999999997
543d3e69,19.58823529411765,29.11764705882353,5.0,53.191489361702125
5441db8c,23.75,28.041666666666668,26.0,57.77777777777777
54501715,inf,inf,5.0,41.66666666666667
5463cb7a,20.135593220338983,31.305084745762713,18.066666666666666,86.5814696485623
5471024e,26.157894736842106,33.1578947368421,31.642857142857142,112.72264631043257
54725e8b,70.0,64.0,17.5,48.61111111111111
548d4188,49.5,60.0,27.0,112.5
549aefcd,inf,inf,inf,113.04347826086956
5500c675,26.571428571428573,26.714285714285715,3.0,25.0
550373ea,49.55555555555556,62.666666666666664,5.555555555555555,43.47826086956522
552b228c,8.076923076923077,20.0,35.23076923076923,72.46835443037975
5531248e,30.076923076923077,35.84615384615385,13.0,71.85929648241206
556302a7,26.59090909090909,32.18181818181818,29.181818181818183,91.71428571428571
5574750c,20.55,27.325,8.0,65.3061224489796
558cdd64,37.18181818181818,52.18181818181818,10.444444444444445,47.23618090452261
55f33b32,23.0,18.0,16.166666666666668,71.32352941176471
56418eae,inf,inf,25.333333333333332,46.24746450304259
5673a3fc,39.70422535211268,48.70422535211268,20.980392156862745,85.80593424218124
5680f1ad,30.714285714285715,40.95238095238095,25.413793103448278,70.86538461538461
568e5a4a,23.64864864864865,30.18918918918919,16.375,60.78886310904872
56ab442f,28.884615384615383,33.07692307692308,16.8,91.63636363636364
571f11e4,28.571428571428573,33.57142857142857,inf,33.33333333333333
5791b840,inf,inf,15.833333333333334,87.96296296296296
57bd3ecc,40.666666666666664,47.0,15.8,60.30534351145038
57ee1fde,25.515873015873016,30.166666666666668,8.555555555555555,53.47222222222222
57efa3be,32.42465753424658,43.41095890410959,38.68292682926829,80.16173869092748
58043739,30.838983050847457,36.13559322033898,18.934782608695652,88.51626016260163
582e9baa,38.3,58.4,14.5,50.49751243781094
5838cb64,17.714285714285715,29.357142857142858,5.0,30.612244897959183
58431ca0,95.0,106.5,19.5,88.63636363636364
585dda5d,inf,inf,28.2,64.97695852534562
58acb320,15.1,35.6,9.142857142857142,41.830065359477125
58c2fac4,inf,inf,31.25,97.65625
58dc96cc,83.0,97.0,14.5,48.01324503311258
59792462,33.45283018867924,40.056603773584904,9.347826086956522,63.798219584569736
59ddd811,53.0,67.0,17.0,60.71428571428571
59ea70a4,79.0,81.0,50.758620689655174,81.05726872246696
5a37ec26,32.233333333333334,43.8,5.2,28.26086956521739
5a4c12ab,30.08695652173913,40.391304347826086,15.333333333333334,85.5813953488372
5a50471c,29.7,32.7,6.75,39.416058394160586
5a6bb1c7,inf,inf,47.0,45.19230769230769
5aa8574b,52.5,71.0,6.5,37.142857142857146
5ac8f17b,45.0,63.5,8.333333333333334,43.103448275862064
5ad8c974,inf,inf,24.470588235294116,62.839879154078545
5af592d2,31.875,39.25,1.25,55.55555555555556
5af743d0,30.105263157894736,36.36842105263158,5.0,48.07692307692308
5af87ad6,27.56,39.2,6.285714285714286,84.61538461538461
5b16a806,28.464285714285715,34.589285714285715,13.857142857142858,69.12114014251782
5b6bc793,20.666666666666668,35.0,inf,50.0
5b8c830e,108.0,117.0,65.0,99.23664122137404
5b8fffb4,57.5,74.75,70.0,125.0
5bb1a1c4,27.672268907563026,31.126050420168067,4.8,34.44976076555024
5bb5a915,22.661538461538463,30.405128205128204,8.933333333333334,73.62637362637363
5bbabe59,28.7,36.2,6.866666666666666,45.87973273942094
5bdcdb72,41.670103092783506,52.81443298969072,38.05833333333333,85.60449859418931
5be043df,11.0,31.5,inf,187.5
5be810ba,28.0,41.92307692307692,30.77777777777778,75.47683923705722
5bf87532,56.0,79.5,15.454545454545455,48.71060171919771
5c124657,34.0,38.5,18.333333333333332,67.90123456790124
5c5a8c1f,inf,inf,12.666666666666666,52.054794520547944
5c756df3,inf,inf,3.6666666666666665,68.75
5cb078d6,26.0,31.5,45.0,77.14285714285715
5ce56983,nan,inf,26.666666666666668,58.3941605839416
5d096f3d,32.484848484848484,43.666666666666664,13.0,63.41463414634146
5d1e7582,inf,inf,32.26923076923077,84.5979329468112
5d2031f0,inf,inf,6.0,37.5
5d38476c,35.375,34.875,14.692307692307692,61.61290322580645
5d9a1a73,29.166666666666668,34.666666666666664,1.0,50.0
5dbdecf1,24.0,26.666666666666668,1.0,25.0
5dc19220,inf,inf,13.4,50.37593984962406
5e5eab39,31.366666666666667,37.733333333333334,3.75,19.480519480519483
5eb51b97,inf,inf,8.5,35.41666666666667
5ec41cd7,34.64,42.2,14.6,62.03966005665722
5ecfab18,inf,inf,6.0,30.0
5ee47383,126.5,142.5,16.4,60.74074074074074
5eef2118,65.2,61.6,15.0,48.38709677419355
5f547c8b,17.97948717948718,26.846153846153847,18.83582089552239,103.2733224222586
5f5ca1a7,45.666666666666664,63.22222222222222,15.25,95.81151832460732
5f862ccd,27.714285714285715,40.07142857142857,12.538461538461538,62.813102119460495
5f9c8d7a,58.0,56.0,inf,66.66666666666666
5fa06777,25.987179487179485,32.1025641025641,22.29090909090909,79.19896640826873
5faa30f7,27.923076923076923,36.0,10.333333333333334,41.891891891891895
5fd762d5,119.0,109.0,5.0,27.027027027027028
600c9d3f,16.5,30.5,11.0,12.941176470588237
6020a3c6,inf,inf,37.4,65.38461538461539
60471339,24.357142857142858,34.583333333333336,8.9375,83.62573099415205
608e1581,inf,inf,23.333333333333332,52.1415270018622
60beb01b,21.954545454545453,28.454545454545453,32.303030303030305,65.55965559655597
60dd8960,28.476190476190474,30.476190476190474,13.5,93.10344827586206
61646132,58.53333333333333,67.06666666666666,26.53846153846154,63.1578947368421
61dab16a,54.333333333333336,67.33333333333333,23.25,78.8135593220339
61f05b05,62.166666666666664,67.0,38.64,73.12641937925814
61fb296e,46.0,57.75,inf,68.75
62175638,inf,inf,16.0,68.08510638297872
6232e1ed,inf,inf,inf,100.0
623c8835,inf,inf,10.666666666666666,31.683168316831683
62af8546,28.39455782312925,40.734693877551024,24.61,81.59814323607428
62decd8e,99.0,113.5,inf,71.875
62e203d4,inf,inf,20.363636363636363,68.13688212927757
62fa10e5,10.75,22.25,38.5,44.76744186046512
63249474,inf,inf,14.0,42.42424242424242
639000b6,inf,inf,21.967741935483872,52.54629629629629
63bff7f9,27.5,31.0,0.0,0.0
63e3b6b3,22.47008547008547,36.675213675213676,33.36538461538461,84.92413117963778
641ac5ff,34.0625,38.0,11.166666666666666,68.83561643835617
645b2a2f,46.333333333333336,67.0,2.0,16.666666666666664
64839cb3,30.764705882352942,33.35294117647059,2.2,31.428571428571427
64a4c383,13.666666666666666,18.666666666666668,3.0,60.0
64c34cd0,31.8796992481203,43.4812030075188,35.40828402366864,82.14138641043239
64d43928,31.16,41.17333333333333,14.777777777777779,85.25641025641025
64fb6b15,51.0,66.0,inf,92.85714285714286
650d5e49,91.0,94.0,21.282608695652176,82.6858108108108
65122d56,inf,inf,0.0,0.0
656202a7,37.142857142857146,52.714285714285715,24.9,70.14084507042253
6575e3bc,31.571428571428573,38.142857142857146,7.0,50.0
657da2f4,45.4,53.8,11.0,39.285714285714285
6581d753,27.941176470588236,38.8235294117647,29.902439024390244,83.23150033944331
65a05fe6,55.5,48.5,4.0,43.75
65b6943c,inf,inf,10.0,100.0
65d9b6b6,23.736842105263158,35.1578947368421,38.0,87.24489795918367
66078174,18.77777777777778,29.944444444444443,5.0,32.0855614973262
66498395,53.0,77.0,3.5,50.0
66b30f71,42.357142857142854,43.785714285714285,4.2,55.26315789473685
66cf56a5,64.33333333333333,62.666666666666664,17.0,89.47368421052632
6705008a,21.0,31.0,4.0,28.57142857142857
671398e3,73.5,103.5,inf,66.66666666666666
6766ca00,inf,inf,6.75,45.76271186440678
67af6f81,31.406976744186046,47.848837209302324,9.264705882352942,58.225508317929766
67b7bad4,20.545454545454547,27.318181818181817,18.5,59.67741935483871
6821ac10,28.263157894736842,28.473684210526315,14.833333333333334,123.61111111111111
6834d1f2,45.57142857142857,51.285714285714285,1.3333333333333333,14.285714285714285
684a56df,97.0,107.0,15.0,27.77777777777778
686362af,41.285714285714285,54.92857142857143,4.666666666666667,82.35294117647058
688b2d58,16.5,30.5,9.333333333333334,36.84210526315789
68c3f79d,23.11111111111111,28.22222222222222,30.5,74.39024390243902
68c56d09,34.785714285714285,44.857142857142854,20.75,80.58252427184466
68ddabdb,24.643835616438356,34.89041095890411,15.375,67.95580110497238
6900060d,26.0,21.0,0.0,0.0
69362253,40.75,48.5,19.142857142857142,104.6875
69762509,78.0,90.0,39.017857142857146,75.00858221764504
69a9bb78,34.0,60.0,3.0,57.14285714285714
6a0537aa,33.7,46.65,43.0,101.89573459715639
6a26221c,46.1875,49.6875,38.339622641509436,98.40193704600483
6a434bd3,20.540816326530614,36.173469387755105,23.91176470588235,74.79300827966881
6a52f5d3,28.75,34.25,14.75,83.09859154929578
6a685375,27.333333333333332,32.0,5.0,55.55555555555556
6ad2d5f7,19.482758620689655,32.03448275862069,6.0,33.64485981308411
6adf9347,29.383561643835616,37.3013698630137,13.466666666666667,60.47904191616767
6b062b4b,56.0,81.0,4.0,44.44444444444444
6b0c3a20,22.691358024691358,31.580246913580247,19.35,83.40517241379311
6b19d823,20.892307692307693,27.861538461538462,6.142857142857143,49.42528735632184
6b4593ee,48.666666666666664,67.33333333333333,18.725,73.93879565646594
6b46ce43,28.75,30.0,1.0,14.285714285714285
6b64e7a3,24.166666666666668,32.0,inf,136.36363636363635
6b8eb6e5,27.275,30.675,4.888888888888889,35.199999999999996
6b992a6f,inf,inf,0.0,0.0
6bb7a785,32.125,55.5,17.0,62.30366492146597
6bebf334,74.0,90.0,9.6,80.0
6c6591ab,30.761904761904763,42.0,23.0,40.35087719298245
6c6aca89,34.0,42.0,inf,97.36842105263158
6c75310b,22.58823529411765,37.94117647058823,8.6,87.75510204081633
6cc006ef,23.272727272727273,37.36363636363637,10.333333333333334,36.04651162790697
6cd0b2d8,inf,inf,0.0,0.0
6d76bc23,22.864197530864196,31.444444444444443,27.77777777777778,64.05563689604685
6d8356ee,45.0,89.0,6.333333333333333,38.775510204081634
6daf5e8c,33.0,37.0,10.0,166.66666666666669
6dd8b88c,36.411764705882355,38.294117647058826,6.666666666666667,114.28571428571428
6df697a9,44.6,61.1,2.0,13.333333333333334
6e1b1ec0,45.77777777777778,58.0,26.94,65.07246376811594
6e28e586,29.04,41.52,3.6,26.865671641791046
6e3f5a5c,29.829787234042552,37.51063829787234,11.428571428571429,79.20792079207921
6e4588bc,21.846153846153847,27.53846153846154,3.0,27.27272727272727
6eb146d2,68.0,60.0,6.5,100.0
6ee11109,26.0,36.857142857142854,0.6666666666666666,18.181818181818183
6eea0b32,38.72,50.0,26.6875,78.10975609756098
6ef13460,42.0,30.0,31.816091954022987,74.58905955268122
6f02fe2a,inf,inf,26.6,91.0958904109589
6f4d314b,47.833333333333336,56.0,2.2,16.923076923076923
6fb21086,12.857142857142858,18.285714285714285,inf,55.00000000000001
6fd0c8e1,inf,inf,49.6,113.76146788990826
7027d12f,13.875,19.25,9.0,42.857142857142854
70456281,32.90909090909091,41.09090909090909,7.5,35.294117647058826
705489eb,19.307692307692307,30.307692307692307,6.083333333333333,58.4
70ced7f2,17.444444444444443,30.22222222222222,14.0,85.36585365853658
70d205c9,40.333333333333336,41.333333333333336,50.60606060606061,77.35062528948588
70d57519,63.0,68.0,19.5,139.28571428571428
711249d1,inf,inf,8.25,75.0
7147f314,114.33333333333333,102.33333333333333,26.66,88.74833555259653
714af18b,79.0,69.0,inf,100.0
7157a72f,170.0,196.0,15.0,130.43478260869566
717e803a,162.0,220.0,inf,46.15384615384615
719a2bb5,9.4,9.4,2.0,100.0
72166006,17.25,31.125,3.25,59.09090909090909
72253b87,34.57142857142857,48.34285714285714,8.384615384615385,94.78260869565217
7239a365,20.8,31.0,8.0,60.0
7239b60d,24.08,29.16,11.75,65.27777777777779
725529bc,36.68181818181818,46.13636363636363,35.791044776119406,70.67491895078102
72861603,35.21052631578947,43.26315789473684,36.262068965517244,79.99391449870683
7298db76,13.421052631578947,18.894736842105264,0.5,22.22222222222222
72b7ed1e,28.413793103448278,36.55172413793103,49.91379310344828,80.01658374792703
72e60730,27.25531914893617,42.91489361702128,31.280701754385966,68.7355435620663
72eada4c,16.0,25.11111111111111,8.833333333333334,50.476190476190474
732c038e,21.8,29.4,39.0,86.28318584070797
736123bb,31.904761904761905,35.333333333333336,18.818181818181817,74.46043165467626
7391f160,24.57894736842105,32.31578947368421,15.625,63.775510204081634
73ad96ed,37.666666666666664,51.333333333333336,25.5,78.8659793814433
73c18486,43.214285714285715,50.642857142857146,26.4,82.29426433915212
740742ef,51.1,59.7,49.871428571428574,89.93559467582654
74234d66,20.627118644067796,34.11864406779661,19.166666666666668,104.54545454545455
7429c452,29.181818181818183,32.63636363636363,3.8,54.285714285714285
744b6ab0,51.0,49.0,0.0,0.0
749a1b3a,inf,inf,inf,112.5
74aab92e,74.5,71.0,2.0,40.0
74d92a39,17.0,35.25,nan,0.0
74ef405a,20.0,28.8,10.0,60.60606060606061
7516045a,74.0,88.0,inf,66.66666666666666
75186c24,24.25,26.25,0.0,0.0
752183c1,28.923076923076923,40.23076923076923,5.0,35.24229074889868
75224f22,29.605263157894736,33.89473684210526,17.125,88.10289389067523
753b5a2d,33.541666666666664,39.0,11.8125,64.94845360824742
753c95b9,43.4375,47.9375,25.53846153846154,83.20802005012531
7544bf30,18.583333333333332,35.208333333333336,4.25,30.909090909090907
7572bf45,inf,inf,7.0,50.0
75820733,35.30434782608695,45.21739130434783,15.75,74.85148514851485
7595b47f,32.0,30.846153846153847,11.666666666666666,58.333333333333336
759ac88f,28.941176470588236,33.911764705882355,10.0,56.60377358490566
75de770f,inf,inf,31.876404494382022,66.95775312721265
7662cf7a,61.142857142857146,60.0,14.833333333333334,115.5844155844156
7673c908,29.605263157894736,40.73684210526316,36.0,76.18014107433532
7693851c,38.0,49.333333333333336,0.0,0.0
76a582b8,inf,inf,inf,13.043478260869565
770494eb,28.28,33.84,31.529411764705884,75.07002801120449
77079be1,16.5,23.6,nan,0.0
77191792,inf,inf,29.75,74.60815047021944
773cec26,42.25,55.25,21.724137931034484,65.48856548856548
77851c2d,94.0,143.0,14.0,54.077253218884124
77bf0483,52.0,70.0,inf,50.0
77c88f05,49.666666666666664,94.33333333333333,4.0,26.08695652173913
7805af0f,55.0,61.0,0.0,0.0
782fb776,27.854166666666668,34.875,21.65,73.7649063032368
7839bf3a,27.76,32.8,14.625,64.28571428571429
789944c9,65.0,91.0,inf,66.66666666666666
78bb68d4,33.07142857142857,32.785714285714285,14.666666666666666,56.05095541401274
78cb83f3,31.444444444444443,37.77777777777778,19.0,70.37037037037037
78dfe704,33.125,42.125,9.5,67.85714285714286
78eb4223,26.333333333333332,33.65925925925926,13.391304347826088,50.40916530278232
78f34e15,28.866666666666667,28.4,inf,27.27272727272727
78fc85c0,5.875,26.125,21.0,123.52941176470588
79004151,47.333333333333336,46.833333333333336,13.0,17.105263157894736
79025aaa,116.0,107.0,7.0,30.434782608695656
7955eb15,30.583333333333332,40.083333333333336,15.0,81.3953488372093
795df06c,138.5,141.0,22.692307692307693,54.832713754646846
796e4140,21.2,26.3,11.0,53.47222222222222
79aad751,50.96551724137931,53.03448275862069,5.333333333333333,43.53741496598639
79b4839e,27.375,40.84375,12.40625,59.342301943198805
79f5bc26,38.25,40.25,10.0,71.42857142857143
7a0428ae,48.0,83.0,7.0,66.66666666666666
7a4819e1,inf,inf,5.0,38.46153846153847
7a80ddf2,43.08108108108108,53.945945945945944,10.933333333333334,61.886792452830186
7b01ce83,24.5,43.0,37.03030303030303,82.81938325991189
7b51bfa4,17.333333333333332,27.333333333333332,0.0,0.0
7b953689,23.625,28.75,8.0,106.66666666666667
7ba54dc9,39.25,46.5,6.0,46.15384615384615
7bbeac6d,9.666666666666666,20.666666666666668,2.0,33.33333333333333
7be8a0ed,40.16129032258065,41.354838709677416,3.1666666666666665,47.5
7bf96684,25.142857142857142,28.428571428571427,35.88636363636363,80.4381049414162
7c0055c1,28.0,36.8,12.2,47.286821705426355
7c503806,35.02597402597402,47.701298701298704,19.8,82.72980501392759
7c70083d,52.0,46.666666666666664,18.0,62.60869565217392
7c7303eb,86.66666666666667,98.0,inf,56.666666666666664
7c7d63a2,25.266666666666666,26.666666666666668,14.25,118.75
7ca5e05d,34.06976744186046,44.348837209302324,28.606382978723403,76.39204545454545
7cb2d9d2,50.0,67.0,17.0,170.0
7ccbb09f,69.0,100.0,inf,133.33333333333331
7cd0a092,46.61538461538461,49.92307692307692,49.57142857142857,83.61445783132531
7d21eb9b,36.166666666666664,51.166666666666664,10.0,62.5
7d32d965,27.5,58.0,inf,166.66666666666669
7d5af2ea,139.0,153.0,30.88888888888889,56.2753036437247
7d608e12,36.666666666666664,44.35294117647059,25.45205479452055,76.58697444352845
7d7ab238,36.333333333333336,43.233333333333334,16.0,84.21052631578947
7d92277a,25.01834862385321,37.31192660550459,9.833333333333334,88.38951310861424
7dc35884,27.495114006514658,37.32247557003257,37.142857142857146,81.46686781942671
7ddc223e,5.333333333333333,13.666666666666666,1.0,6.666666666666667
7e38d2de,inf,inf,24.0,86.33093525179856
7e678d00,42.92307692307692,62.23076923076923,13.2,64.70588235294117
7e9b3b60,84.0,74.0,10.5,52.719665271966534
7e9f1cde,29.833333333333332,40.72222222222222,25.916666666666668,100.0
7eae4418,inf,inf,41.6695652173913,72.55109765329296
7eb36269,26.5,32.0,42.75,89.90536277602523
7ecb9a14,41.0,50.5,9.0,72.0
7ee2ce62,73.0,84.0,28.310344827586206,69.28270042194093
7f048519,27.193877551020407,31.775510204081634,22.103448275862068,91.96556671449068
7f148ce7,inf,inf,7.5,36.58536585365854
7f3ad1ed,34.583333333333336,42.5,17.53846153846154,89.41176470588236
7f82b4fb,19.0,51.0,3.0,25.0
7f8ecc51,26.766666666666666,36.766666666666666,8.1,49.390243902439025
7fa2ab1f,34.45454545454545,42.0,13.375,81.06060606060606
7fa6bd8e,34.5,42.0,28.0,70.88607594936708
7fb32e5b,23.51741293532338,31.751243781094526,18.934782608695652,88.1578947368421
7fe5deb8,35.62068965517241,45.44827586206897,4.375,30.973451327433626
7ff3fcaa,37.872727272727275,53.38181818181818,14.909090909090908,66.04026845637584
8012d0b8,30.06122448979592,32.59183673469388,10.636363636363637,60.9375
8026ea72,34.714285714285715,40.666666666666664,23.2,83.15412186379928
803dbf1d,39.0625,46.71875,8.764705882352942,59.12698412698413
808f425a,27.00943396226415,30.37735849056604,33.29032258064516,100.78125
80ad39ac,27.933333333333334,30.433333333333334,6.428571428571429,46.875
80ec5dfd,34.724137931034484,47.827586206896555,16.705882352941178,107.57575757575756
81049310,55.0,86.0,3.0,42.857142857142854
816af623,inf,inf,6.75,23.275862068965516
817c1746,31.6,41.4,1.0,18.181818181818183
818e8bf2,35.86666666666667,56.4,9.125,68.54460093896714
81c08fa3,29.53846153846154,29.307692307692307,2.0,18.181818181818183
81c36ee9,29.057142857142857,32.114285714285714,32.46153846153846,109.32642487046633
821d7d46,28.77777777777778,38.611111111111114,24.46153846153846,62.414131501472035
82294960,31.75,42.0,5.166666666666667,57.407407407407405
82b90140,inf,inf,13.0,54.929577464788736
8305580c,inf,inf,22.6,63.48314606741573
83558266,24.958333333333332,35.583333333333336,5.0,47.61904761904761
8361e524,23.533333333333335,24.133333333333333,6.0,72.0
83904270,30.428571428571427,42.69387755102041,6.5625,75.53956834532374
8479657a,16.571428571428573,23.714285714285715,1.0,9.090909090909092
84dc72db,24.359375,32.421875,5.0,55.88235294117647
84f1ae7f,18.642201834862384,31.256880733944953,15.518518518518519,73.25174825174825
85021bcd,inf,inf,26.63157894736842,64.0506329113924
8549aaf0,12.5,18.0,0.0,0.0
858b6611,27.0,25.0,22.88888888888889,63.975155279503106
8596fe80,56.5,52.25,22.0,176.0
85ad2217,inf,inf,24.325,70.55837563451777
85afed77,inf,inf,14.0,200.0
85d8110a,151.0,187.0,38.484375,80.41136141038197
85e0cf10,23.766666666666666,27.3,1.0,11.11111111111111
85ec8e33,inf,inf,47.27272727272727,94.76082004555809
86421172,29.6,43.93333333333333,19.7,50.6426735218509
864c199e,45.2,48.0,44.333333333333336,83.47280334728033
865eae1f,inf,inf,21.847826086956523,64.71345782356728
8692a3f1,16.5,27.5,15.0,75.0
86b4bf88,53.0,53.333333333333336,2.0,100.0
86cd782f,51.0,62.666666666666664,16.636363636363637,42.459396751740144
86dc8f2e,31.405940594059405,38.851485148514854,44.189189189189186,75.48476454293629
86f84b37,inf,inf,77.66666666666667,75.16129032258064
8728a058,32.4,42.9,10.11111111111111,52.90697674418605
87a92b6b,18.5,29.321428571428573,10.8,43.54838709677419
87b177e8,34.31428571428572,53.371428571428574,4.875,54.929577464788736
87e562a9,25.76683937823834,31.357512953367877,26.285714285714285,78.72219053051911
881a9bdd,inf,inf,42.561797752808985,68.01939306877357
88679525,19.0,24.5,24.31578947368421,69.18757019842755
8879d882,30.25,44.875,7.0,53.84615384615385
888e32bf,26.28409090909091,36.76136363636363,12.150943396226415,73.09875141884223
88fccd6c,22.630252100840337,41.714285714285715,28.291666666666668,92.44383934649422
8919756f,43.76190476190476,53.61904761904762,23.48148148148148,79.94955863808323
894b2d25,37.5,35.5,inf,85.71428571428571
8955b928,37.0,57.25,inf,15.909090909090908
896d78ad,28.233576642335766,37.824817518248175,36.2,81.10908836297438
89895ae1,26.0,30.0,2.0,16.666666666666664
89bbc67a,45.476190476190474,57.523809523809526,38.041666666666664,76.0410882842865
89c16049,69.6,75.4,43.6,94.78260869565217
89ce57a8,23.4,29.2,34.833333333333336,63.33333333333333
89ee5191,inf,inf,24.76923076923077,56.3922942206655
89f64c19,161.0,163.0,31.580645161290324,71.4337832907698
89ffd337,53.0,73.0,13.0,48.148148148148145
8a79613a,35.0,55.0,1.5,30.0
8abdf100,23.360655737704917,25.21311475409836,27.725,105.318138651472
8b552293,35.5,47.666666666666664,17.608695652173914,69.58762886597938
8b5b6769,28.8994708994709,42.08465608465608,14.107692307692307,79.94768962510898
8b8745fd,50.4,46.4,inf,100.0
8ba8195d,33.85964912280702,42.771929824561404,35.452229299363054,101.94139194139194
8c2aa0f9,39.6,40.2,3.5,59.32203389830508
8c5775f3,21.044776119402986,37.35820895522388,38.40625,70.91748413156375
8c7d6cbe,53.25,56.5,30.733333333333334,76.45107794361525
8ca1f93a,24.53191489361702,34.93617021276596,13.4,66.83291770573567
8caf9750,10.25,28.75,45.0,150.0
8ce2080b,109.5,100.0,1.5,42.857142857142854
8cf9814c,21.586734693877553,25.112244897959183,7.925925925925926,80.45112781954887
8d0964e5,inf,inf,3.0,5.660377358490567
8d0ea930,14.756756756756756,23.864864864864863,11.0,52.38095238095239
8d25271a,5.0,16.9,4.0,27.906976744186046
8d2c70ad,24.58682634730539,29.820359281437124,10.9375,55.55555555555556
8d6a0fbc,69.5,84.5,2.0,22.22222222222222
8d6b36e3,21.771428571428572,32.0,7.125,45.6
8d8c24fd,30.9,33.5,27.904761904761905,72.79503105590062
8d92a2c3,36.467532467532465,42.0,26.0,99.36305732484077
8db7f47f,22.816326530612244,27.693877551020407,8.75,47.94520547945205
8dbda772,100.0,96.0,23.5,52.22222222222223
8e7be59c,51.0,72.5,11.0,47.82608695652174
8ea6e670,32.339285714285715,42.892857142857146,19.666666666666668,93.05993690851734
8eb611d0,36.0,50.25,6.5,32.91139240506329
8f6dd463,37.5,42.5625,37.69230769230769,89.25318761384335
8f7a598f,28.181818181818183,31.863636363636363,11.333333333333334,50.74626865671642
8fb49ef8,33.05882352941177,45.470588235294116,12.25,71.01449275362319
8fd1a8f5,22.74056603773585,30.132075471698112,9.35897435897436,61.6554054054054
8fd3b94d,31.4,35.7,5.5,51.162790697674424
9018bf65,44.0,48.0,5.0,50.0
9025e58f,49.0,63.75,13.0,41.935483870967744
902d916b,28.25,28.75,5.0,50.0
9061a703,28.67924528301887,31.339622641509433,10.0,91.95402298850574
907c51ab,21.72,33.2,17.88888888888889,60.2996254681648
907d6e58,73.5,81.0,95.0,94.05940594059405
90de905a,43.0,50.0,2.0,66.66666666666666
91052c96,44.7,55.6,31.76923076923077,89.20086393088553
910dd54e,33.5,51.5,16.625,88.66666666666667
915264c2,36.92857142857143,51.857142857142854,29.625,80.88737201365188
91a4a398,24.258373205741627,32.16746411483253,12.068181818181818,70.05277044854881
91c984a1,68.0,54.0,1.0,50.0
91d9613e,51.0,67.0,26.8,68.02030456852792
91ffa6c6,29.09090909090909,31.727272727272727,35.48571428571429,95.98145285935085
9219eff0,32.69444444444444,34.93055555555556,28.941176470588236,98.00796812749005
9295145b,11.0,6.0,8.0,48.97959183673469
92aa28fe,44.77777777777778,47.0,5.0,32.25806451612903
92cf79a8,30.13953488372093,44.2093023255814,36.25,68.09971098265896
934b36a6,28.121951219512194,37.4390243902439,28.181818181818183,57.407407407407405
93a583c3,32.4,40.2,inf,76.92307692307693
93f104b4,44.0,37.0,9.0,150.0
93fe473e,37.5,59.0,6.333333333333333,48.10126582278481
940feccc,27.928571428571427,41.07142857142857,18.8,74.01574803149606
94238673,20.756756756756758,25.243243243243242,5.0,28.57142857142857
94b30fa5,25.571428571428573,43.42857142857143,2.0,26.666666666666668
94d7f855,40.0,52.827586206896555,27.923076923076923,105.98540145985402
94de63bf,inf,inf,12.0,70.58823529411765
94eac556,21.596153846153847,28.384615384615383,9.5,55.39358600583091
94edecfe,inf,inf,11.0,137.5
953e3931,17.205882352941178,29.441176470588236,7.0,56.00000000000001
9565fda6,19.5,31.25,9.333333333333334,46.666666666666664
95a5e066,29.8125,45.5,40.166666666666664,77.57510729613733
95fcbfb7,23.6,35.2,17.75,47.651006711409394
9633359f,32.5,52.0,32.54545454545455,93.717277486911
96503059,21.333333333333332,26.333333333333332,inf,33.33333333333333
96786fb6,inf,inf,inf,12.5
96824e68,35.142857142857146,35.57142857142857,23.0,58.97435897435898
96a6a7ad,45.41379310344828,56.55172413793103,19.25,92.7710843373494
96dced3e,81.0,74.0,0.5,9.090909090909092
96f5b685,19.875,18.0,13.0,72.22222222222221
96fd40ae,27.125,32.169642857142854,4.5,51.724137931034484
9706e64b,25.452830188679247,38.64150943396226,15.529411764705882,56.774193548387096
9714e764,62.0,64.42857142857143,9.583333333333334,43.56060606060606
97463e7d,22.6,25.8,1.3333333333333333,21.052631578947366
97bdec3d,16.428571428571427,27.428571428571427,18.0,84.375
97d0d574,inf,inf,2.0,40.0
9811e35e,35.44444444444444,37.111111111111114,32.857142857142854,75.6578947368421
98653b57,61.0,67.0,9.0,42.857142857142854
9868bc75,37.935483870967744,45.54838709677419,18.8125,79.73509933774835
98ae73b1,33.06060606060606,40.303030303030305,5.428571428571429,63.33333333333333
98d05440,24.5,33.5,6.0,40.0
98dfe425,35.44444444444444,43.148148148148145,13.235294117647058,52.32558139534884
98e908bd,36.7,51.9,7.666666666666667,104.54545454545455
9920dd86,24.17910447761194,35.52238805970149,20.40625,55.38592027141645
99464591,inf,inf,3.0,31.57894736842105
9948e262,3.0,6.0,55.853658536585364,87.70585982382228
99639abf,42.125,50.5,42.45945945945946,75.60153994225216
99663fa5,31.307692307692307,39.15384615384615,23.142857142857142,60.0
99812d10,29.0,48.0,inf,80.0
99cddc5e,34.53409090909091,44.46590909090909,25.333333333333332,79.55665024630541
99d63244,34.0,41.89655172413793,43.40625,98.86120996441281
99e23670,12.941176470588236,25.941176470588236,15.5,83.78378378378379
9a158001,48.5,67.83333333333333,16.666666666666668,74.07407407407408
9a2fc964,24.857142857142858,26.714285714285715,1.0,25.0
9a46c4e5,35.833333333333336,36.666666666666664,33.04761904761905,94.42176870748298
9a58f2c8,37.333333333333336,45.666666666666664,2.6666666666666665,44.44444444444444
9a95bebb,37.0,47.15384615384615,19.42222222222222,58.93459204315577
9a963804,26.13235294117647,30.00735294117647,18.785714285714285,106.69371196754565
9ab63e7b,33.68707482993197,50.46258503401361,32.57142857142857,76.0
9ac1dc9f,49.142857142857146,60.142857142857146,6.0,40.0
9af58032,18.902439024390244,29.536585365853657,10.933333333333334,105.12820512820514
9b3bcca4,24.058823529411764,32.11764705882353,2.0,35.294117647058826
9b73d523,18.614035087719298,28.45614035087719,9.866666666666667,53.62318840579711
9b75e4f1,44.142857142857146,54.857142857142854,inf,33.33333333333333
9b79b9de,26.833333333333332,29.0,24.0,102.56410256410255
9ba59a3c,51.0,55.333333333333336,14.0,63.63636363636363
9c1ccdea,inf,inf,23.0,328.57142857142856
9c376401,77.375,103.0,35.546875,80.3319209039548
9c4b58db,10.777777777777779,23.444444444444443,9.88888888888889,39.38053097345133
9c9af282,14.9375,20.96875,10.333333333333334,65.95744680851064
9caf69a1,68.0,88.0,40.333333333333336,96.8
9cb022df,25.5,31.166666666666668,5.5,41.77215189873418
9cb8d7a6,41.28260869565217,53.21739130434783,44.81818181818182,107.52453653217012
9cbbe35b,nan,inf,5.75,39.6551724137931
9d1d34bd,22.516129032258064,31.548387096774192,11.0,61.111111111111114
9d1f42c6,40.5,49.75,22.866666666666667,86.83544303797468
9d430b40,22.90909090909091,35.898989898989896,11.709677419354838,79.78021978021978
9d450c28,inf,inf,13.666666666666666,81.1881188118812
9d65b06f,inf,inf,8.0,66.66666666666666
9d710afe,inf,inf,18.555555555555557,67.61133603238866
9d87a319,25.2,27.2,0.0,0.0
9dad0f2e,24.133333333333333,29.066666666666666,15.0,62.5
9dc3ea7e,37.333333333333336,34.333333333333336,14.5,54.78589420654912
9dca07d7,35.56,47.28,12.4,66.31016042780749
9de271ef,45.17307692307692,60.09615384615385,18.88135593220339,57.57105943152455
9de31202,36.5,30.5,2.0,30.76923076923077
9de62878,31.651685393258425,37.056179775280896,26.59375,83.92504930966469
9e0bd203,46.0,45.75,23.0,65.09433962264151
9e9af5f2,22.78787878787879,28.09090909090909,9.142857142857142,88.88888888888889
9eb1455b,33.09090909090909,36.18181818181818,21.0,106.77966101694916
9ec74db8,21.5,36.25,24.125,70.43795620437956
9f0270e0,30.504950495049506,40.00990099009901,14.0,58.63874345549738
9f62b897,32.5,36.0,4.0,66.66666666666666
9f77963a,31.16216216216216,36.5945945945946,21.125,72.26634086744043
9f961c14,46.0,68.0,inf,250.0
9f998ed8,23.285714285714285,30.857142857142858,inf,88.57142857142857
9f9b903e,inf,inf,20.533333333333335,77.58186397984886
9fbc7bc4,39.7,40.0,8.166666666666666,52.68817204301075
9fd3a210,26.5,30.5,15.0,100.0
9ff100a6,72.0,73.0,15.5,56.70731707317073
9ff7f691,inf,inf,5.5,55.00000000000001
9ffd1ac1,inf,inf,46.59375,86.88811188811188
a03bba42,29.64788732394366,34.140845070422536,6.5,47.27272727272727
a0fdf513,36.52,48.24,7.6875,37.38601823708207
a120e81b,21.5,39.0,22.75,50.83798882681564
a12e1d51,25.09593023255814,31.287790697674417,6.576923076923077,71.05263157894737
a139c379,30.5,38.357142857142854,24.716666666666665,90.31668696711328
a15618fe,37.0,43.0,29.333333333333332,86.39551192145862
a159b802,39.5,63.0,inf,100.0
a1c4aed5,84.0,115.66666666666667,14.894736842105264,37.04188481675393
a1d053dd,29.25925925925926,32.72222222222222,11.0,65.18518518518519
a2421394,43.0,50.31818181818182,24.76923076923077,80.5
a24be938,inf,inf,12.0,58.536585365853654
a2a1efe2,42.0,26.0,0.5,14.285714285714285
a2eac9df,inf,inf,14.333333333333334,55.84415584415584
a2f46292,28.133333333333333,31.866666666666667,4.5,50.0
a300e810,80.0,71.25,7.333333333333333,53.65853658536586
a319edf8,inf,inf,23.80952380952381,84.17508417508418
a343262c,56.592592592592595,61.25925925925926,48.037593984962406,85.93140551445863
a36915ce,30.178571428571427,39.69642857142857,16.361702127659573,78.95277207392198
a386e91b,34.270833333333336,44.270833333333336,35.62068965517241,75.16827360378389
a3a078ba,44.0,61.0,inf,11.11111111111111
a3bfec5d,25.764705882352942,34.431372549019606,11.5,76.66666666666667
a3ead8da,41.0,68.25,21.6,68.35443037974683
a45a5e8d,inf,inf,nan,0.0
a4799701,inf,inf,6.0,54.54545454545454
a49985e6,25.637931034482758,34.741379310344826,9.666666666666666,40.845070422535215
a4af4849,27.92105263157895,42.8421052631579,20.428571428571427,73.33333333333333
a4d52e08,7.75,27.75,33.333333333333336,78.125
a4e37e47,inf,inf,9.0,128.57142857142858
a4f1fdd4,32.333333333333336,53.166666666666664,12.0,81.81818181818183
a50797a4,21.0,28.22222222222222,9.0,78.26086956521739
a5162ca9,23.0,33.5,1.0,6.666666666666667
a51e6c6e,35.35,48.5,9.541666666666666,67.95252225519289
a549066c,36.5,46.0,10.5,43.75
a58af75f,inf,inf,26.2,55.27426160337553
a594a6e0,20.9375,35.8125,4.5,39.130434782608695
a5f488bc,26.11111111111111,37.666666666666664,25.666666666666668,66.09442060085837
a61850e6,28.688524590163933,39.39344262295082,12.785714285714286,38.24786324786324
a61bcb94,151.0,159.0,19.5,82.97872340425532
a63775d6,31.5,35.25,2.6666666666666665,21.62162162162162
a64e3b89,inf,inf,10.0,48.91304347826087
a670d624,29.0,42.0,33.57142857142857,71.42857142857143
a6aac76b,188.0,190.0,28.6,73.71134020618557
a6bab2a9,25.0,39.27272727272727,17.1,66.796875
a6ec88f4,15.8,27.6,3.8,29.6875
a72b14ff,57.90909090909091,69.9090909090909,6.25,54.94505494505495
a73321d3,28.0,37.266666666666666,8.0,64.51612903225806
a7489342,23.652173913043477,36.768115942028984,17.266666666666666,61.22931442080378
a757b0d8,33.813559322033896,38.355932203389834,25.84313725490196,90.92790617454295
a75a78eb,45.333333333333336,58.0,20.2,68.70748299319727
a790df98,123.0,81.0,21.0,161.53846153846155
a7c226e1,24.923076923076923,35.30769230769231,11.666666666666666,45.45454545454545
a7c7802a,34.1875,42.125,2.0,18.75
a7cd72b2,25.0,48.75,20.641025641025642,58.54545454545455
a818c1be,21.572727272727274,28.34090909090909,8.192307692307692,76.07142857142857
a82eb3fb,inf,inf,23.92,78.3748361730013
a879b92c,43.13333333333333,52.93333333333333,21.677419354838708,73.92739273927393
a8e3170f,27.522727272727273,36.52272727272727,3.6923076923076925,31.57894736842105
a90e53ec,inf,inf,5.5,91.66666666666666
a9231c3f,28.47222222222222,38.138888888888886,24.227272727272727,77.2463768115942
a92763ea,25.03846153846154,36.57692307692308,15.727272727272727,50.658857979502194
a945bb28,28.555555555555557,36.44444444444444,3.0,30.0
a9520ac2,44.0,51.0,24.136363636363637,63.745498199279716
a97c8ec2,26.51388888888889,31.791666666666668,23.88235294117647,108.99328859060402
a98a6b86,inf,inf,10.0,90.9090909090909
a9a4df9f,41.8,61.2,5.5,37.93103448275862
a9da7784,29.085714285714285,38.17142857142857,8.444444444444445,58.91472868217055
aa8d28ae,32.73684210526316,36.26315789473684,27.333333333333332,87.46666666666667
aab3e7be,28.59259259259259,35.925925925925924,6.666666666666667,48.78048780487805
aae9ce90,28.263157894736842,34.0,21.17241379310345,81.21693121693121
aaf037b1,19.333333333333332,31.22222222222222,11.5,62.16216216216216
ab54f9e7,inf,inf,9.333333333333334,57.14285714285714
ab6b1c45,29.282608695652176,33.53260869565217,26.451612903225808,86.04407135362014
ab89348d,25.191304347826087,33.469565217391306,15.98,80.62563067608475
abbdca1a,40.96296296296296,52.629629629629626,13.1,57.836644591611474
abc9f8a4,32.666666666666664,36.333333333333336,17.0,80.95238095238095
abfeb126,32.63333333333333,40.9,20.4,74.45255474452554
ac56b5a7,41.869565217391305,45.0,34.11290322580645,74.52431289640592
ac5ae4af,38.083333333333336,39.375,16.928571428571427,91.86046511627907
ac7fa28f,54.666666666666664,61.666666666666664,48.96491228070175,75.67787418655098
ac8bca8d,36.5,35.0,10.333333333333334,50.0
acc321aa,23.2,29.0,19.074074074074073,48.63078375826252
acdc62f5,25.289473684210527,26.92105263157895,6.666666666666667,66.66666666666666
aceb7654,30.52,34.68,11.125,40.825688073394495
acee4cc4,22.994565217391305,30.42391304347826,8.722222222222221,67.38197424892704
ad3940a5,28.8,43.8,14.588235294117647,61.23456790123457
ad75edc3,38.25,50.75,21.0,91.30434782608695
ad9c32a2,17.0,15.0,56.76,94.22310756972112
adbf0400,16.897435897435898,26.333333333333332,23.34285714285714,71.16724738675958
addfb70e,19.307692307692307,27.73846153846154,25.0,86.20689655172413
adf208e5,inf,inf,0.0,0.0
ae2c396f,19.263157894736842,31.210526315789473,18.555555555555557,79.14691943127961
ae6746e0,47.833333333333336,50.333333333333336,40.90909090909091,79.22535211267606
aea11d1d,48.0,66.0,0.0,0.0
aed55673,48.0,68.0,6.0,66.66666666666666
af19c6a8,81.0,72.0,2.0,133.33333333333331
af2c687b,51.111111111111114,62.55555555555556,25.42,103.08191403081915
afb3b840,inf,inf,4.5,36.0
afe57f7a,39.604651162790695,49.95348837209303,35.271186440677965,86.85308848080133
b03db6fa,28.285714285714285,34.57142857142857,28.0,70.0
b0482a1d,inf,inf,5.0,50.0
b08252b8,40.5625,42.625,23.88888888888889,81.13207547169812
b0946605,24.58490566037736,31.00943396226415,18.285714285714285,67.9646017699115
b0ac4aa2,6.0,12.0,3.0,40.0
b0eaaac6,14.4,20.485714285714284,3.3333333333333335,57.14285714285714
b15eaf77,46.6,48.4,8.4,45.16129032258064
b16b5eea,24.666666666666668,35.22222222222222,8.285714285714286,46.774193548387096
b17a4a93,43.6,55.8,4.666666666666667,33.33333333333333
b287e7b1,20.666666666666668,31.930555555555557,27.46153846153846,51.73913043478261
b2a79f17,53.5,57.25,inf,11.11111111111111
b2ae53f5,24.96,32.32,18.789473684210527,92.48704663212435
b2b50355,32.72,38.76,13.0,78.78787878787878
b2e1d224,17.0,19.0,20.916666666666668,65.76419213973799
b3118300,26.9645390070922,31.79432624113475,14.956521739130435,84.31372549019608
b34e0c77,23.125,33.8125,16.333333333333332,72.05882352941177
b36b66c3,inf,inf,10.0,34.48275862068966
b3a28446,27.863636363636363,30.136363636363637,36.2,82.08616780045351
b3b39bed,23.857142857142858,32.666666666666664,48.05,76.88000000000001
b3b4dc7d,50.0,38.0,26.0,47.27272727272727
b3bad3f2,31.0,33.5,19.666666666666668,57.84313725490197
b3e9b7fa,inf,inf,9.333333333333334,66.66666666666666
b40ee8a8,49.4,63.8,18.8,81.73913043478261
b410bd3d,16.61261261261261,23.8018018018018,16.952380952380953,85.37170263788968
b41bd968,36.0,49.0,inf,33.33333333333333
b4bbe95c,20.6,31.733333333333334,4.8,40.0
b4bef2ed,inf,inf,0.0,0.0
b4f73b44,29.352941176470587,43.8235294117647,33.54545454545455,68.90756302521008
b529630e,105.0,114.0,5.5,42.30769230769231
b52ffbbd,69.66666666666667,74.0,13.333333333333334,96.61835748792271
b55fb828,52.54545454545455,66.0,7.181818181818182,34.64912280701755
b56dc5f7,47.0,58.0,6.0,31.57894736842105
b57f8a9a,51.0,66.0,30.352941176470587,88.50771869639794
b58af144,28.5,45.0,13.157894736842104,52.41090146750524
b58b7db6,91.66666666666667,104.66666666666667,21.666666666666668,71.16788321167883
b590a4d8,inf,inf,19.137931034482758,52.85714285714286
b61a3e1a,inf,inf,43.37765957446808,80.97507695362923
b681e71e,43.945205479452056,50.47945205479452,35.06306306306306,123.75198728139904
b68a30f0,33.6,38.6,11.142857142857142,62.4
b68d14a9,inf,inf,34.850467289719624,78.80388841927304
b699df47,inf,inf,30.75,70.32590051457976
b743f01b,28.79245283018868,39.528301886792455,5.846153846153846,45.23809523809524
b76fd014,71.0,97.0,11.8,60.204081632653065
b7b66a96,30.8,40.4,13.0,48.148148148148145
b7d1eadd,34.8,40.2,inf,58.333333333333336
b80dd12c,34.0,43.0,27.928571428571427,73.17529631940111
b858be20,31.0,42.0,9.0,36.734693877551024
b863eae9,18.666666666666668,30.0,12.5,39.0625
b8704508,29.105263157894736,35.26315789473684,15.0,81.76100628930818
b878fc9a,18.727272727272727,28.0,7.666666666666667,44.230769230769226
b8cc58c9,47.0,42.0,26.548387096774192,78.4556720686368
b8cce99f,32.333333333333336,40.925925925925924,11.833333333333334,73.00771208226222
b8d490fd,51.0,57.4,38.661764705882355,84.87489911218725
b91f2a31,28.394736842105264,32.31578947368421,9.588235294117647,47.66081871345029
b97f21d8,inf,inf,1.0,16.666666666666664
b98b5e1c,41.0,55.0,31.24,81.35416666666667
b9a2c483,22.6,32.8,inf,63.63636363636363
b9fec7a5,inf,inf,15.0,32.608695652173914
ba158afd,54.5,54.5,inf,75.0
ba5e1069,43.1764705882353,44.529411764705884,50.266666666666666,106.19718309859154
ba603555,inf,inf,18.75,70.09345794392523
ba607b88,104.5,105.83333333333333,56.84937238493724,91.88476364374112
bad31fac,17.857142857142858,30.464285714285715,6.2,37.80487804878049
badd245f,63.0,88.0,2.0,20.689655172413794
bb01f9e0,inf,inf,35.0,79.54545454545455
bb134e5c,18.88888888888889,29.055555555555557,26.25,78.00891530460625
bb1819fa,36.857142857142854,41.785714285714285,11.3,52.07373271889401
bb18be76,27.0,41.666666666666664,0.0,0.0
bb345e0b,inf,inf,41.35042735042735,84.00764021531516
bb34fd31,25.1875,28.833333333333332,9.625,77.77777777777779
bb351c23,43.51282051282051,50.17948717948718,23.96875,94.96491952125464
bb4b445b,inf,inf,2.0,14.285714285714285
bb9b51f4,21.571428571428573,26.0,2.25,21.428571428571427
bbd41817,28.76388888888889,32.80555555555556,26.512820512820515,128.4472049689441
bc969efb,19.864864864864863,30.58108108108108,27.814814814814813,111.9225037257824
bcce309e,25.694915254237287,40.110169491525426,12.369565217391305,67.33727810650888
bceb1b07,83.66666666666667,103.66666666666667,18.454545454545453,63.2398753894081
bd0a4a7d,24.16176470588235,28.58823529411765,10.083333333333334,73.33333333333333
bd17b45f,20.285714285714285,23.952380952380953,22.77777777777778,95.7943925233645
bd35515a,inf,inf,11.0,84.61538461538461
bd4ea627,42.142857142857146,50.642857142857146,11.2,78.87323943661971
bd77eb62,33.66265060240964,41.87951807228916,42.082352941176474,88.64931846344486
bd8139a1,18.666666666666668,26.0,8.0,28.57142857142857
bd93fea4,35.9,46.05,10.333333333333334,103.33333333333334
bd9fbd51,29.71875,32.375,16.5,81.48148148148148
bdadf7da,99.0,104.0,37.166666666666664,69.14728682170542
bdd985f2,23.83783783783784,37.13513513513514,12.4375,61.99376947040498
be150fc8,25.584415584415584,39.23376623376623,65.45454545454545,77.00534759358288
be768595,inf,inf,39.0,96.29629629629629
be85b12d,27.0,31.0,1.0,15.384615384615385
be8eec9c,58.4,62.2,13.88888888888889,70.2247191011236
bec997fc,26.4375,39.8125,4.8,34.78260869565217
bf172ae6,inf,inf,4.0,25.0
bf1d7d3e,40.18390804597701,48.08045977011494,35.88111888111888,74.38387938532908
bf7842c9,58.888888888888886,66.0,22.09090909090909,95.66929133858267
bf8c8572,39.0,40.0,11.0,68.75
bfaf461d,20.2,28.0,24.0,33.33333333333333
bff0535a,18.916666666666668,32.666666666666664,16.625,48.014440433213
c01d7726,15.714285714285714,31.0,19.666666666666668,47.58064516129033
c03449e0,28.210526315789473,32.578947368421055,32.74576271186441,79.76878612716763
c03c6200,42.5632183908046,56.2183908045977,24.756756756756758,95.86603872318157
c042b412,24.73076923076923,37.26923076923077,6.285714285714286,57.14285714285714
c05f9d20,18.0,30.0,57.0,80.28169014084507
c0790f82,31.0,39.666666666666664,54.333333333333336,104.48717948717949
c0c411cb,26.307692307692307,27.46153846153846,12.333333333333334,68.51851851851852
c0dc015b,inf,inf,8.0,53.333333333333336
c0fb3bf2,90.0,110.0,14.0,52.83018867924528
c1077ba3,24.5,46.5,inf,183.33333333333331
c16d2e28,27.323076923076922,36.93846153846154,8.0,57.971014492753625
c1ef6dad,46.0,84.0,7.5,68.18181818181817
c1f6c27e,42.5,53.75,inf,50.0
c24a2c5d,64.0,63.5,inf,50.0
c26cd57a,30.466666666666665,34.8,4.5,23.684210526315788
c27518d2,28.2,38.4,11.272727272727273,109.73451327433628
c29ada99,29.058823529411764,46.14705882352941,7.8125,42.3728813559322
c2a46cb4,inf,inf,33.91379310344828,66.56514382402707
c3224376,31.75,39.5,1.0,9.523809523809524
c3394c16,30.75,39.25,7.75,60.78431372549019
c34a15e6,37.0,47.5,24.083333333333332,79.3956043956044
c3564c2d,35.666666666666664,34.0,12.761904761904763,54.03225806451613
c35739a1,24.4,29.6,5.636363636363637,40.78947368421053
c3b93a03,inf,inf,11.5,53.48837209302325
c3d1402f,27.986666666666668,34.85333333333333,8.583333333333334,42.38683127572017
c3d35165,32.64,38.0,24.310344827586206,96.97386519944979
c3f21798,17.0,37.666666666666664,22.77777777777778,86.31578947368422
c4487b84,26.857142857142858,28.714285714285715,54.95266272189349,99.54979097438095
c4bc3b59,inf,inf,25.3,64.0506329113924
c4c374d9,28.5,38.041666666666664,15.25,83.56164383561644
c4d740b3,inf,inf,20.0,63.49206349206349
c4e73ff1,inf,inf,29.9,76.732249786142
c4ff0618,48.0,53.5,19.555555555555557,88.88888888888889
c5326dd0,15.4,31.6,3.5,70.0
c5758216,17.0,21.0,11.5,32.3943661971831
c57fa67e,29.666666666666668,30.866666666666667,5.25,36.84210526315789
c58b0108,30.145454545454545,38.7,22.555555555555557,75.37128712871286
c5928dec,30.333333333333332,35.666666666666664,35.3,70.91517857142857
c5aef772,33.5,39.541666666666664,16.647058823529413,90.9967845659164
c5d7b244,34.89473684210526,39.63157894736842,44.666666666666664,62.44175209692451
c5e68250,72.0,44.0,0.0,0.0
c6097d68,30.037037037037038,30.296296296296298,2.6,22.413793103448278
c654af19,22.976190476190474,29.357142857142858,19.958333333333332,69.82507288629738
c6625a26,16.893617021276597,24.78723404255319,15.0,66.55290102389078
c66d9486,26.333333333333332,43.0,20.0,91.6030534351145
c6a019f5,39.57142857142857,57.57142857142857,3.2857142857142856,25.274725274725274
c6e10e5c,26.930232558139537,36.093023255813954,19.08,68.0456490727532
c70448aa,24.178571428571427,33.035714285714285,17.263157894736842,75.22935779816514
c736a96b,42.75,68.75,3.75,75.0
c8065f31,20.428571428571427,27.714285714285715,23.0,100.0
c89474d1,26.74025974025974,36.48051948051948,8.173913043478262,62.04620462046204
c8a3f688,20.788732394366196,32.774647887323944,9.571428571428571,60.36036036036037
c8ad0749,inf,inf,13.0,62.65060240963856
c8e6bddd,inf,inf,15.0,57.93991416309014
c8f378cc,10.0,24.0,39.0,55.714285714285715
c942a53b,29.0,43.714285714285715,9.181818181818182,57.38636363636363
c96f6ac5,31.9,37.6,13.5,79.41176470588235
c981d3c2,26.684931506849313,38.24657534246575,4.5625,25.97864768683274
c9945bdf,22.928571428571427,35.19047619047619,23.68,69.81132075471697
c995d726,inf,inf,28.185185185185187,81.3903743315508
ca5acfa4,26.863636363636363,35.27272727272727,27.928571428571427,85.0
ca753f5d,27.0,38.333333333333336,6.5,41.05263157894737
cad00a4d,43.0,46.0,39.96774193548387,92.87856071964018
cad40f5e,30.666666666666668,34.06666666666667,24.8,84.93150684931507
caf1b14c,89.75,99.75,24.818181818181817,62.54295532646048
cb08b611,2.4,7.8,21.863636363636363,69.20863309352518
cb263798,inf,inf,29.77777777777778,67.33668341708542
cb5100f1,21.545454545454547,25.545454545454547,1.5,16.666666666666664
cb5211dc,inf,inf,16.0,53.333333333333336
cc1e8c68,29.14782608695652,31.713043478260868,7.9,58.95522388059702
cc3884f9,23.75,42.333333333333336,6.666666666666667,61.53846153846154
cca50cd6,50.64705882352941,61.76470588235294,20.794117647058822,84.36754176610978
cca8bdca,61.0,74.5,6.0,32.142857142857146
cccdde80,38.875,44.0,26.641025641025642,69.68477531857815
ccdd8308,26.09009009009009,32.65765765765766,7.555555555555555,59.64912280701754
cd4d7695,80.5,110.5,25.147058823529413,62.59150805270863
cdb82f1c,20.137931034482758,34.44827586206897,12.076923076923077,70.08928571428571
cde067e1,20.8,26.0,4.0,66.66666666666666
cde96d97,31.5,37.0,20.347826086956523,77.22772277227723
ce85fcaf,25.14516129032258,35.38709677419355,5.866666666666666,42.926829268292686
cec44e08,27.1,29.1,29.0,87.0
cefe0886,38.5,48.5,11.285714285714286,56.42857142857143
cf494ffe,39.578947368421055,50.81578947368421,37.855932203389834,86.10254433307632
cf73ad76,35.40350877192982,43.70175438596491,27.0,77.6842105263158
cfad138c,92.5,111.0,22.13235294117647,69.77283263792305
cfe70281,22.523809523809526,31.404761904761905,15.1,69.26605504587155
d027ba9f,30.78048780487805,35.5609756097561,49.629629629629626,80.35500119932838
d0513f63,27.272727272727273,28.90909090909091,33.63333333333333,79.0442616529573
d07c1b2f,37.0,47.0,28.8,86.74698795180723
d07dbc28,22.875,25.625,18.857142857142858,91.0344827586207
d094e7d1,30.457142857142856,45.371428571428574,8.8,56.41025641025641
d0bb40b8,26.73846153846154,40.0,4.818181818181818,37.857142857142854
d0d9b0e6,53.0,51.0,inf,78.94736842105263
d12143bf,26.041044776119403,34.25,7.470588235294118,49.416342412451364
d146924b,111.0,113.0,58.0,80.93023255813954
d15e60c8,5.8,25.0,9.333333333333334,53.84615384615385
d167edd3,41.64705882352941,43.0,4.5,40.909090909090914
d1761087,59.0,113.0,0.0,0.0
d18f9182,28.5,36.0,34.54077253218884,78.61678226042787
d1988788,29.862068965517242,40.91954022988506,21.28787878787879,61.649846423870116
d1ae8f94,30.0,27.875,15.25,138.63636363636365
d1c94b25,27.852272727272727,34.51136363636363,7.0,58.333333333333336
d1f0f514,inf,inf,6.5,37.142857142857146
d284ef29,25.5,34.166666666666664,8.666666666666666,41.711229946524064
d285acaf,32.5,42.25,29.5,95.9349593495935
d2a989fc,23.75,31.35,inf,87.09677419354838
d2babdd5,35.869565217391305,41.47826086956522,24.88235294117647,76.14761476147615
d2c2b2d5,42.41935483870968,49.83870967741935,47.98473282442748,84.78554086862692
d2d15439,26.75,42.8125,26.470588235294116,79.92895204262878
d2e67105,41.0,60.0,33.666666666666664,77.09923664122137
d2f72b19,21.555555555555557,26.88888888888889,14.125,53.80952380952381
d2fcce2f,27.9625,38.925,10.76923076923077,61.135371179039296
d32cf49a,24.940298507462686,35.149253731343286,30.88679245283019,71.60979877515311
d3851cd8,19.214285714285715,27.392857142857142,9.272727272727273,43.776824034334766
d3868bd0,18.358974358974358,25.58974358974359,19.133333333333333,66.74418604651163
d395e33c,inf,inf,0.0,0.0
d3a44255,19.57894736842105,32.73684210526316,14.5,100.0
d3b4b8ed,27.0,47.875,25.125,64.42307692307693
d3c260a6,inf,inf,inf,66.66666666666666
d405c0d5,31.0,30.0,3.0,60.0
d4188b60,24.5,24.0,43.916666666666664,71.99453551912568
d45c0528,36.5,65.5,0.0,0.0
d4f0c300,39.25,60.75,9.0,84.375
d58fdb42,52.0,71.6,7.0,38.88888888888889
d5ae21a2,11.285714285714286,15.714285714285714,18.666666666666668,58.333333333333336
d5afc103,inf,inf,8.0,42.10526315789473
d5bbb6a2,inf,inf,20.571428571428573,56.25
d5eb8b84,68.5,85.125,7.5,63.829787234042556
d6164dc0,24.545454545454547,33.54545454545455,9.5,55.072463768115945
d68e7f48,25.06140350877193,32.14912280701754,11.655172413793103,75.1111111111111
d693012d,12.857142857142858,20.857142857142858,inf,71.15384615384616
d69c9b12,inf,inf,0.0,0.0
d6f9dfd6,inf,inf,25.77777777777778,57.99999999999999
d7725664,24.0,27.666666666666668,8.5,49.51456310679612
d797ecfe,inf,inf,4.5,15.517241379310345
d7c6af50,24.444976076555022,38.110047846889955,20.13888888888889,83.0945558739255
d7c6b0fb,17.0,12.0,42.73913043478261,79.11468812877264
d826bfec,inf,inf,inf,33.33333333333333
d84a2d8e,41.333333333333336,47.666666666666664,9.5,100.0
d85a1960,inf,inf,19.9,47.99035369774919
d876610c,54.0,70.0,nan,0.0
d8906a73,23.857142857142858,27.0,4.25,68.0
d8976cb7,inf,inf,3.5,53.84615384615385
d8cd0b9b,inf,inf,36.5,69.35866983372921
d8e79af0,25.75,37.3125,21.166666666666668,63.81909547738693
d8f20ba5,36.0,59.8,33.333333333333336,76.92307692307693
d8f59089,18.5,28.5,26.75,79.73174366616989
d913103d,32.5,42.5,inf,10.0
d921449d,32.125,37.375,27.979591836734695,61.67341430499326
d9273ee7,39.02,41.48,27.036363636363635,92.70573566084788
d9609443,32.666666666666664,36.333333333333336,4.0,38.095238095238095
d96165b5,13.0,12.0,19.2,59.62732919254658
d996ba33,31.5,39.833333333333336,14.454545454545455,63.85542168674698
d99cc23a,14.4,29.4,17.333333333333332,78.78787878787878
da045dea,19.09090909090909,24.727272727272727,30.0,60.0
da61a9af,15.0,20.666666666666668,7.75,33.33333333333333
da785bf8,33.0,45.36,17.454545454545453,62.95081967213115
dabbd0ae,62.5,79.5,9.5,82.6086956521739
dadb9703,38.42857142857143,46.57142857142857,13.0,110.63829787234043
dadbdb68,23.875,21.625,0.0,0.0
dae6fac5,inf,inf,4.0,40.0
daf548d0,inf,inf,nan,0.0
db584dad,29.53448275862069,39.560344827586206,34.58378378378379,87.04761904761905
db767b89,23.52777777777778,32.638888888888886,9.0,63.1578947368421
dbd79036,39.96875,52.96875,19.285714285714285,56.016597510373444
dbe50b21,33.082352941176474,39.10588235294118,34.326530612244895,108.16720257234726
dbfb8218,38.029411764705884,41.8235294117647,17.285714285714285,65.05376344086021
dc0f5506,67.4,69.8,2.5,45.45454545454545
dc596fac,31.0,34.0,12.5625,57.758620689655174
dca1ac2e,28.962962962962962,43.55555555555556,3.2857142857142856,24.46808510638298
dcce6f09,inf,inf,45.01973684210526,95.21358007513567
dcdb87f2,19.25,25.108695652173914,3.75,42.25352112676056
dce2019b,55.666666666666664,59.666666666666664,29.027027027027028,96.40933572710951
dcf0e8f4,109.0,141.0,22.4,62.22222222222222
dcf81436,178.0,163.0,0.5,33.33333333333333
dd09ff8e,20.365942028985508,29.315217391304348,17.9375,79.64847363552266
dd121907,18.0,24.5,11.5,45.09803921568628
dd37da14,24.0,27.88235294117647,4.0,44.44444444444444
dd468277,52.0,70.25,7.6,82.6086956521739
dd55b0b0,109.0,94.0,5.0,65.21739130434783
dd883071,18.0,15.0,37.0,69.74383760270662
ddc0828d,18.325757575757574,28.62121212121212,35.42372881355932,88.78504672897196
de063a39,42.0,37.0,4.666666666666667,53.84615384615385
de0a3209,23.375,29.375,25.318181818181817,72.81045751633987
de3acffe,26.535714285714285,34.75,3.0,25.53191489361702
de3d549a,199.0,183.0,inf,100.0
de69af96,31.795454545454547,46.81818181818182,37.54838709677419,85.77745025792188
de7d833e,21.272727272727273,23.515151515151516,8.25,43.42105263157895
dec8e038,19.75,25.34375,5.0,48.07692307692308
ded9240e,26.119718309859156,32.04225352112676,13.277777777777779,74.6875
ded9ff1e,71.83333333333333,75.5,5.666666666666667,41.46341463414634
df064e1a,60.0,53.0,inf,200.0
df08c69e,41.4,47.666666666666664,19.157894736842106,57.68621236133122
df92d6fb,50.0,70.0,3.0,27.27272727272727
dfc4d8b5,26.933333333333334,29.733333333333334,15.0,107.14285714285714
dff806f4,23.8,37.7,22.666666666666668,93.79310344827586
e01895bb,25.5,37.04761904761905,17.476190476190474,75.6701030927835
e01aafc1,inf,inf,29.294117647058822,81.63934426229508
e0351c86,21.26086956521739,32.608695652173914,9.0,65.45454545454545
e03b66ec,31.146341463414632,42.707317073170735,3.25,27.659574468085108
e045c165,inf,inf,38.54545454545455,75.84973166368515
e04fb55d,inf,inf,5.5,57.89473684210527
e0557f7f,42.8,57.5,14.1,62.66666666666667
e087956b,39.13157894736842,42.13157894736842,39.69879518072289,93.42217181740857
e13f5984,73.0,85.0,39.333333333333336,63.78378378378379
e149d0ae,46.0,57.0,1.0,16.666666666666664
e1556297,92.0,113.0,5.5,47.82608695652174
e16e7347,37.6,52.8,32.84615384615385,77.63636363636364
e174dadd,26.272727272727273,35.13636363636363,17.285714285714285,79.43107221006565
e179aae0,inf,inf,inf,33.33333333333333
e186f49c,30.798283261802574,38.682403433476395,12.846153846153847,80.38507821901324
e1e81c75,28.444444444444443,34.111111111111114,16.0,65.04065040650406
e219f17a,15.0,18.0,33.28125,69.1333982473223
e21b8cb5,inf,inf,9.5,19.587628865979383
e21bc7f3,32.791666666666664,40.791666666666664,33.61194029850746,73.78768020969856
e237b28c,1.0,2.0,39.468468468468465,76.23107708369584
e2410b5e,19.869565217391305,32.608695652173914,6.25,53.191489361702125
e258a603,67.0,91.0,8.333333333333334,41.66666666666667
e2ee90d9,36.8,43.1,3.3333333333333335,22.22222222222222
e32d22f6,inf,inf,inf,100.0
e33616eb,43.5,40.0,10.5,33.6
e3386c8a,37.25,48.5,21.86046511627907,78.72696817420436
e342e5fb,34.28,37.5,18.032258064516128,88.4493670886076
e3829b2a,inf,inf,28.0,69.86564299424184
e38bce7a,38.375,45.5,39.23076923076923,113.33333333333333
e3eb9e46,29.0,36.666666666666664,35.733333333333334,80.8446455505279
e412cb64,36.90909090909091,43.63636363636363,7.5,45.45454545454545
e429f443,60.0,49.0,17.125,43.91025641025641
e42dff5f,39.0,68.0,3.0,20.0
e4a0deae,33.0,42.22608695652174,27.367346938775512,89.22155688622755
e5309baa,47.0,61.0,26.757575757575758,57.26329442282749
e5437608,23.666666666666668,30.333333333333332,27.0,87.09677419354838
e5be2427,35.0,55.5,4.0,33.33333333333333
e62dd25d,24.204819277108435,32.0,15.909090909090908,79.18552036199095
e662b18f,19.41176470588235,25.823529411764707,18.0,56.25
e69dbbef,15.5,20.5,9.0,47.368421052631575
e6acd7aa,25.5,24.5,0.0,0.0
e6d298e8,15.0,20.0,42.5,63.90977443609023
e6ddab51,50.333333333333336,75.66666666666667,30.75,98.4
e70a0811,73.5,78.0,40.5,64.8
e734d090,35.083333333333336,44.5,28.0,75.23992322456814
e7ba1233,35.86666666666667,45.8,17.68918918918919,66.51422764227642
e7de4f6b,inf,inf,13.0,37.142857142857146
e7e86505,29.58823529411765,31.88235294117647,12.1,78.57142857142857
e82dc4c5,47.4,53.6,6.0,109.09090909090908
e84ac20c,24.9645390070922,30.085106382978722,11.952380952380953,89.00709219858156
e855edaa,inf,inf,1.0,14.285714285714285
e85d03d6,19.25925925925926,35.666666666666664,14.909090909090908,58.78136200716846
e86754b2,35.588235294117645,37.294117647058826,30.3,91.26506024096386
e8b5ea8d,47.666666666666664,72.0,15.555555555555555,43.8871473354232
e8d7b493,28.714285714285715,43.57142857142857,27.88888888888889,53.63247863247863
e938e1bc,30.627906976744185,38.2093023255814,12.695652173913043,86.3905325443787
e93b6c95,15.833333333333334,18.833333333333332,32.3448275862069,81.21212121212122
e94915e6,31.5,32.76470588235294,20.9,93.72197309417041
e957b38f,31.454545454545453,43.14772727272727,18.22222222222222,67.26825266611976
e9630504,26.8,23.4,34.03225806451613,81.40432098765432
e97aefe2,26.86842105263158,32.578947368421055,9.333333333333334,84.84848484848484
e9987a94,57.0,62.8,22.666666666666668,86.07594936708861
e9a870ed,29.023809523809526,35.26190476190476,14.0,67.58620689655173
e9c14262,48.333333333333336,52.0,inf,66.66666666666666
e9c7f0d0,24.952380952380953,29.5,2.6666666666666665,31.372549019607842
ea0cdc12,20.79591836734694,27.14965986394558,8.409090909090908,69.28838951310861
ea3ffd1b,40.25714285714286,50.68571428571428,16.41176470588235,77.07182320441989
ea42ddb9,71.0,77.5,36.25454545454546,80.66343042071198
ea544967,21.83783783783784,31.216216216216218,20.58823529411765,64.69500924214418
ea59139a,inf,inf,inf,100.0
ea8b65ab,24.794117647058822,40.44117647058823,15.571428571428571,77.85714285714286
ea9c54de,22.854166666666668,28.166666666666668,14.8,65.34216335540839
eaa76d3c,37.588235294117645,41.470588235294116,36.833333333333336,82.15613382899627
eade4650,20.076923076923077,23.307692307692307,48.1,95.18469656992085
eb2d5fe7,46.5,47.05,24.692307692307693,85.6
eb7af112,33.111111111111114,41.77777777777778,6.8,40.963855421686745
eb9cb105,51.5,58.5,1.0,11.11111111111111
eba6a852,25.48989898989899,30.954545454545453,10.604166666666666,73.55491329479769
ebe27221,29.75,49.25,0.5,12.5
ec1c4b4d,50.25,83.0,22.0,51.96850393700787
ec4dada1,53.6,65.8,18.75409836065574,74.09326424870466
ecaad7d2,inf,inf,24.0,37.5
ed70ac05,inf,inf,8.0,66.66666666666666
ed840f44,35.72549019607843,49.64705882352941,23.347826086956523,66.37824474660074
ed90abe4,55.2,67.0,17.727272727272727,74.42748091603053
edf62a25,35.8,56.2,20.333333333333332,47.65625
ee7d0c82,18.229357798165136,30.110091743119266,3.0,40.909090909090914
eeeebf82,29.61111111111111,38.05555555555556,6.142857142857143,36.134453781512605
eef2536f,68.66666666666667,73.66666666666667,6.5,68.42105263157895
ef18b66e,28.795698924731184,34.344086021505376,7.333333333333333,52.38095238095239
ef2bcebf,30.571428571428573,41.714285714285715,15.0,90.51724137931035
ef6aea67,inf,inf,0.0,0.0
efb04d81,32.0,42.0,6.5,52.0
efb6cb2a,32.0,38.0,26.842105263157894,71.93229901269393
efc04be7,44.0,54.0,15.5,77.5
f011dfa3,35.25,44.375,11.166666666666666,53.6
f048bb41,43.0,40.666666666666664,0.5,20.0
f0b16e64,18.5,34.75,inf,28.57142857142857
f0b4294e,66.33333333333333,90.0,20.04,62.93969849246231
f0b4e47d,24.27777777777778,35.69444444444444,50.0,105.63380281690141
f0e293b0,23.34065934065934,30.24175824175824,7.368421052631579,56.451612903225815
f0e58a83,32.5,42.0,inf,140.0
f0e722e0,17.823529411764707,23.147058823529413,2.0,85.71428571428571
f0f628c7,26.703296703296704,34.57142857142857,6.166666666666667,64.91228070175438
f13d3eba,21.0,35.5,76.0,82.6086956521739
f176e421,31.0,41.833333333333336,11.0,64.70588235294117
f17971df,39.6,34.2,31.88888888888889,70.0
f19ccfad,29.5625,36.5625,27.88888888888889,81.75895765472313
f1cb042f,27.0,36.833333333333336,1.5,30.0
f1f99156,20.0,12.0,11.25,80.35714285714286
f233bbb4,28.904761904761905,37.96190476190476,34.74193548387097,92.4066924066924
f24c6701,25.166666666666668,34.166666666666664,18.333333333333332,53.26876513317191
f2665768,50.25,50.25,22.0,88.0
f27f89e8,24.3,32.8,13.08695652173913,60.44176706827309
f2800ef3,45.64,52.08,21.166666666666668,83.00653594771242
f281dd00,51.75,81.5,9.6,37.79527559055118
f28a60e0,26.5,35.166666666666664,27.5,53.92156862745098
f3171936,30.060606060606062,37.75757575757576,9.666666666666666,40.845070422535215
f32dbc84,38.77777777777778,43.416666666666664,23.96590909090909,63.967242948134675
f390904d,inf,inf,41.5,61.029411764705884
f3a18a0c,26.865671641791046,38.71641791044776,51.016666666666666,95.26921879863056
f3bde2b3,inf,inf,15.0,81.52173913043478
f3be8d36,19.0,26.6,13.333333333333334,76.92307692307693
f407e354,10.0,32.0,7.25,50.877192982456144
f42064d5,21.25,23.416666666666668,20.466666666666665,86.47887323943661
f43dd8c2,26.97752808988764,34.87640449438202,17.321428571428573,71.32352941176471
f44af07f,17.6,27.3,26.333333333333332,94.04761904761905
f468293b,23.818181818181817,29.636363636363637,29.55,71.03365384615384
f476d2a5,54.0,91.5,6.5,81.25
f5180fe6,21.79032258064516,30.592741935483872,15.583333333333334,93.22033898305084
f5390243,32.53846153846154,35.53846153846154,28.94871794871795,81.04809763101221
f53b3e1d,22.144736842105264,26.82894736842105,15.043478260869565,84.39024390243902
f55c526f,33.166666666666664,36.166666666666664,10.25,57.74647887323944
f56cd097,31.007518796992482,34.443609022556394,6.086956521739131,52.83018867924528
f5715b48,38.8,43.0,25.5,100.49261083743843
f5821615,32.95454545454545,40.65909090909091,13.0,59.86842105263158
f5f18a18,31.657894736842106,38.078947368421055,20.0,71.7948717948718
f61e2829,16.833333333333332,19.333333333333332,1.3333333333333333,26.666666666666668
f6571355,82.0,67.0,0.0,0.0
f6b5d11a,39.333333333333336,46.333333333333336,2.5,55.55555555555556
f6c2659d,32.6,37.2,14.8,61.41078838174274
f6ddfe08,18.428571428571427,35.142857142857146,10.428571428571429,54.88721804511278
f708a0bc,22.0,31.0431654676259,21.724137931034484,78.55361596009975
f752db61,40.125,47.6875,10.5,51.21951219512195
f771a151,43.529411764705884,62.94117647058823,3.875,30.097087378640776
f786a7f6,inf,inf,8.0,30.76923076923077
f78e7113,51.0,58.666666666666664,13.15625,91.52173913043478
f7b2cbe8,6.0,16.0,19.0,82.6086956521739
f7c3d426,inf,inf,nan,0.0
f7d267f7,35.77142857142857,50.68571428571428,18.63157894736842,72.68993839835728
f8035c2a,inf,inf,1.0,20.0
f834dcfc,26.433333333333334,29.533333333333335,11.375,48.40425531914894
f842c2cf,31.280701754385966,40.35087719298246,43.00613496932515,76.59527972027972
f846de6a,42.803030303030305,55.93939393939394,31.54074074074074,74.12952646239555
f888a374,25.5,33.5,0.0,0.0
f892fcf9,82.5,94.5,inf,70.0
f8c72766,42.0,80.0,3.5,87.5
f8e27d4a,48.0,50.5,16.11111111111111,44.61538461538462
f8f2ec39,19.0,26.0,13.0,34.21052631578947
f8fd6e3f,69.5,58.0,31.85185185185185,70.1086956521739
f96933f0,58.0,90.0,0.5,9.090909090909092
f987245c,35.45454545454545,42.63636363636363,15.4,81.48148148148148
f9c29fcd,29.785714285714285,31.214285714285715,36.51086956521739,69.90634755463059
f9ded29b,13.23076923076923,24.923076923076923,18.857142857142858,63.76811594202898
f9e6e7ef,41.666666666666664,52.0,0.0,0.0
fa1aa7e7,32.1,48.9,15.8,94.04761904761905
fa433be6,114.0,102.5,37.90243902439025,83.86400431732326
fa463154,23.632075471698112,31.70754716981132,10.057142857142857,63.76811594202898
fa6e2cb3,16.5,16.0,inf,40.0
fa8a3eb0,inf,inf,inf,250.0
fa8f9dc3,19.605263157894736,30.736842105263158,6.75,61.36363636363637
fa9db243,9.0,19.0,8.0,28.07017543859649
faaab47c,28.0,34.0,2.5,14.705882352941178
fb0abc20,15.2,22.6,21.0,140.0
fb0c0bcc,21.333333333333332,37.5,4.5,60.0
fb192f98,28.5,69.0,inf,95.45454545454545
fb2d1dda,inf,inf,7.0,50.0
fb3e0d39,27.692307692307693,32.19230769230769,20.952380952380953,78.85304659498208
fb66ce1f,31.81132075471698,37.0377358490566,22.238095238095237,98.52320675105484
fb9a8cc3,32.57142857142857,43.0,8.4,46.666666666666664
fbb657bb,inf,inf,40.714285714285715,72.15189873417721
fbc5c0c6,33.53846153846154,46.69230769230769,7.5,37.1900826446281
fbcfa528,inf,inf,18.4,67.15328467153284
fbdc8309,inf,inf,30.6,65.38461538461539
fc2c5891,32.0,81.0,38.0,58.46153846153847
fc4375ef,29.485714285714284,31.885714285714286,24.38235294117647,66.80096696212732
fc54ef7a,130.0,108.0,4.0,28.57142857142857
fc55ec67,28.5,33.03448275862069,16.80952380952381,111.00628930817611
fc5b1bcc,inf,inf,3.0,10.0
fcbf5a30,22.96551724137931,33.96551724137931,19.571428571428573,69.1919191919192
fccebff9,33.96666666666667,42.233333333333334,7.2,30.76923076923077
fccf5309,19.0,30.166666666666668,inf,16.666666666666664
fce581b5,40.333333333333336,36.333333333333336,41.5,101.21951219512195
fd835ab3,35.526315789473685,42.26315789473684,30.636363636363637,87.26048679440704
fda22a2e,inf,inf,5.0,16.666666666666664
fe5175ce,37.666666666666664,36.0,3.0,50.0
fe731c62,21.34285714285714,29.314285714285713,21.571428571428573,82.06521739130434
fe93fd9d,32.257383966244724,40.59915611814346,32.535714285714285,82.96903460837886
fec50c96,31.857142857142858,38.57142857142857,24.705882352941178,78.79924953095684
fef92afc,11.0,17.4,inf,183.33333333333331
fefe8d52,inf,inf,50.42857142857143,63.48920863309353
ff1e12a0,27.0,43.0,32.0,116.36363636363636
ff1ec94d,38.76923076923077,48.30769230769231,6.142857142857143,52.4390243902439
ff227198,26.916666666666668,43.166666666666664,20.333333333333332,36.96969696969697
ff6a7ab5,20.358490566037737,30.245283018867923,14.5,80.77994428969359
ffb504b1,nan,inf,14.0,56.81818181818182
ffd5fcd8,30.0,49.666666666666664,7.333333333333333,55.00000000000001
ffe699c0,32.25,36.770833333333336,11.5,84.40366972477065
b17e2f24,nan,nan,50.79,88.14
271f83cd,nan,nan,25.76,105.02
69d03465,nan,nan,32.98,88.40
